任务号码;任务GPS纬度;任务GPS经度;;
C0001;22,7300411741699;114,240879482184;;
C0002;22,7270428713199;114,299619934581;;
C0003;22,7013106516913;114,233600675232;;
C0004;22,7323592499976;114,28666717581;;
C0005;22,7183914415957;114,257549541443;;
C0006;22,7539249283792;114,381925285972;;
C0007;22,7240422058631;114,272183567009;;
C0008;22,7193780338419;114,273247789547;;
C0009;22,730282537613;114,230495522939;;
C0010;22,7187967956169;114,267027043655;;
C0011;22,6574622868825;114,347695727712;;
C0012;22,7161161366787;114,247471582184;;
C0013;22,7298637362657;114,293901180672;;
C0014;22,7461740037918;114,285868999924;;
C0015;22,7333085951775;114,294307118195;;
C0016;22,7455164783545;114,274463296613;;
C0017;22,7228203604355;114,265481328466;;
C0018;22,724926751952;114,273130560678;;
C0019;22,7455164783545;114,274463296613;;
C0020;22,7533578503045;114,285654970992;;
C0021;22,7255489485721;114,272456359037;;
C0022;22,7304818460556;114,229710831816;;
C0023;22,7503111916488;114,273462933716;;
C0024;22,7383232510838;114,290652058014;;
C0025;22,7220470160823;114,262924318002;;
C0026;22,7283748334649;114,292856825958;;
C0027;22,7375681053751;114,28238888443;;
C0028;22,7318862444033;114,30283983163;;
C0029;22,7477813713121;114,274721890922;;
C0030;22,7365884258321;114,296177362868;;
C0031;22,741216311103;114,262008277247;;
C0032;22,7083119203669;114,243410661873;;
C0033;22,7365884258321;114,296177362868;;
C0034;22,6574622868825;114,347695727712;;
C0035;22,7338561242004;114,261353361327;;
C0036;22,7330530781302;114,301187523509;;
C0037;22,7327210035458;114,261044999994;;
C0038;22,7328789148129;114,261143625855;;
C0039;22,6574622868825;114,347695727712;;
C0040;22,7358154455442;114,273509388687;;
C0041;22,7315624132011;114,287582320056;;
C0042;22,7167928958608;114,270317940076;;
C0043;22,7261042929971;114,241421295152;;
C0044;22,7060157568219;114,241688700041;;
C0045;22,7058450063887;114,24286982716;;
C0046;22,6574622868825;114,347695727712;;
C0047;22,7188655596569;114,265813305352;;
C0048;22,7380684217691;114,266446898194;;
C0049;22,7384136149656;114,276949153196;;
C0050;22,6986467499831;114,241761552618;;
C0051;22,7195270032286;114,265142999662;;
C0052;22,6574622868825;114,347695727712;;
C0053;22,7223049561743;114,251412802387;;
C0054;22,7192915554605;114,260218139417;;
C0055;22,7330532379617;114,276171145167;;
C0056;22,716708934353;114,24523458138;;
C0057;22,7217159364602;114,278074261084;;
C0058;22,7307936611976;114,268386249959;;
C0059;22,7139264341708;114,237994957616;;
C0060;22,7208561289964;114,247361005267;;
C0061;22,7300853411492;114,303191387084;;
C0062;22,7250481744937;114,292358520621;;
C0063;22,7101319504898;114,249541366112;;
C0064;22,7359769324123;114,276790825053;;
C0065;22,7331987362445;114,289475678579;;
C0066;22,7225653401032;114,278666076432;;
C0067;22,7300765745135;114,303210152237;;
C0068;22,7253881313629;114,295343866507;;
C0069;22,7381539176069;114,256910576734;;
C0070;22,7295173518022;114,240170603256;;
C0071;22,7239147314109;114,295705245831;;
C0072;22,7295173518022;114,240170603256;;
C0073;22,7237057371462;114,291772629598;;
C0074;22,7428818479011;114,288352529895;;
C0075;22,7243195047675;114,261970972416;;
C0076;22,7242889860533;114,262011088045;;
C0077;22,6574622868825;114,347695727712;;
C0078;22,7242652456133;114,296726968636;;
C0079;22,7093163390213;114,246570092181;;
C0080;22,7305292613317;114,280658785747;;
C0081;22,7202055922533;114,292028416702;;
C0082;22,6991602472884;114,243215093577;;
C0083;22,7870270954263;114,330873478941;;
C0084;22,7162624576356;114,270420929904;;
C0085;22,7353382646609;114,259477676067;;
C0086;22,7046822487789;114,234143023591;;
C0087;22,7028901150542;114,236495937246;;
C0088;22,7331032373893;114,277237433807;;
C0089;22,7004909355608;114,240695263978;;
C0090;22,7319873707861;114,232604080992;;
C0091;22,7181174812876;114,248002620876;;
C0092;22,7182313596998;114,24854199225;;
C0093;22,7331561520967;114,297662870028;;
C0094;22,7308491991555;114,242767308942;;
C0095;22,7144895062791;114,244328819934;;
C0096;22,7416035294664;114,287581557395;;
C0097;22,7294318811694;114,266851859708;;
C0098;22,7293480034248;114,279053999785;;
C0099;22,6996394875779;114,144557889688;;
C0100;22,736365660067;114,285892607392;;
C0101;22,7468048847927;114,269344420344;;
C0102;22,7231246519419;114,274736551268;;
C0103;22,7541961636511;114,284078027568;;
C0104;22,7285216297278;114,22978974526;;
C0105;22,7093355921814;114,261275443205;;
C0106;22,7339322527027;114,248904249218;;
C0107;22,7339322527027;114,248904249218;;
C0108;22,7114290734503;114,263506218752;;
C0109;22,7001461032736;114,240028716799;;
C0110;22,6574622868825;114,347695727712;;
C0111;22,5717078092983;113,90542860279;;
C0112;22,6991602472884;114,243215093577;;
C0113;22,5801222558778;113,884405622727;;
C0114;22,5780639454854;113,893007553745;;
C0115;22,5709103735296;113,900902491378;;
C0116;22,7272649060064;114,300991378501;;
C0117;22,7338940592092;114,239668141459;;
C0118;22,5699233619887;113,901375691771;;
C0119;22,5803594560128;113,898418316423;;
C0120;22,565619990298;113,894707859227;;
C0121;22,5691021446846;113,886095147645;;
C0122;22,5717078092983;113,90542860279;;
C0123;22,5582238632521;114,081880419361;;
C0124;22,5841043158096;113,912207789285;;
C0125;22,5798751317461;113,897856800022;;
C0126;22,5771213422124;113,863895058584;;
C0127;22,5717078092983;113,90542860279;;
C0128;22,5716829149165;113,887746877257;;
C0129;22,5730313206623;113,881441348392;;
C0130;22,5726766650264;113,880531919166;;
C0131;22,5817524212222;114,111352634675;;
C0132;22,585908369846;113,868994410182;;
C0133;22,5724307198474;113,880833861656;;
C0134;22,5824021921484;113,912386828984;;
C0135;22,585059957126;113,880403788461;;
C0136;22,5831793047675;113,87184536687;;
C0137;22,5648588297157;113,904579190253;;
C0138;22,5859429588615;113,879563411979;;
C0139;22,5665711882278;113,904649142201;;
C0140;22,5875618253717;113,911797178328;;
C0141;22,5844846685613;113,913625910956;;
C0142;22,5736524986525;113,881907532121;;
C0143;22,5814184216048;113,908874789285;;
C0144;22,5820800916468;113,914963571081;;
C0145;22,5960077380064;113,89421736286;;
C0146;22,584666982242;113,911769609332;;
C0147;22,581976936299;113,909991874407;;
C0148;22,5848359602697;113,907635995445;;
C0149;22,5819846265198;113,908928360632;;
C0150;22,5738376118995;113,895607474467;;
C0151;22,7074327930824;113,930013135693;;
C0152;22,5837629306654;113,905227977034;;
C0153;22,5866612062403;113,909171922697;;
C0154;22,5833645496428;113,893041533049;;
C0155;22,5711923624866;113,887177284191;;
C0156;22,5813320341491;113,907222429961;;
C0157;22,5707350001756;113,888782000085;;
C0158;22,5855161591465;113,893310141668;;
C0159;22,5940737174318;113,894892198704;;
C0160;22,5854138769305;113,893192939748;;
C0161;22,5855161591465;113,893310141668;;
C0162;22,6076656627427;113,85855185387;;
C0163;22,5762207418879;113,876787510513;;
C0164;22,5651012392737;113,885871079708;;
C0165;22,5931061966206;113,90219127592;;
C0166;22,5870073763037;113,92316054989;;
C0167;22,5875050732545;113,90718317401;;
C0168;22,5905127748192;113,896099419801;;
C0169;22,5771121191409;113,873867021386;;
C0170;22,5873240872801;113,907832899521;;
C0171;22,5905127748192;113,896099419801;;
C0172;22,5896110235039;113,918916999578;;
C0173;22,5796670301507;113,873732427373;;
C0174;22,5744373986407;113,889981528093;;
C0175;22,5868510906622;113,893654270831;;
C0176;22,5868013484728;113,893614193829;;
C0177;22,5750055530373;113,890532443591;;
C0178;22,5946111091262;113,901020512553;;
C0179;22,5654836777327;113,894196979409;;
C0180;22,5814562858797;113,86476564508;;
C0181;22,5809504614158;113,899861085801;;
C0182;22,5775684065172;113,902646142796;;
C0183;22,569757183652;113,910432640581;;
C0184;22,5861061960744;113,894354853908;;
C0185;22,5816684121868;113,880397763526;;
C0186;22,5554462408022;113,899186345176;;
C0187;22,5544304411662;113,89434665687;;
C0188;22,573526986679;113,875152066282;;
C0189;22,7469085876985;114,02461963424;;
C0190;22,555925726357;113,891894943083;;
C0191;22,5772137768748;113,881824839506;;
C0192;22,5623365149921;113,907643949042;;
C0193;22,5748354924953;113,881197282379;;
C0194;22,5684043654969;113,895501940637;;
C0195;22,5717973676629;113,893852887077;;
C0196;22,5799145606133;113,918650625943;;
C0197;22,5811877342739;113,919614955111;;
C0198;22,5869958653817;113,870993589094;;
C0199;22,7074327930824;113,930013135693;;
C0200;22,5902678882692;113,871680232267;;
C0201;22,5672337869065;113,897744797494;;
C0202;22,5814828378094;113,919896147193;;
C0203;22,5663424852007;113,899718091733;;
C0204;22,5869958653817;113,870993589094;;
C0205;22,5670259823022;113,910527189033;;
C0206;22,5794214834612;113,891657202039;;
C0207;22,5902163614689;113,903646490422;;
C0208;22,5712981627698;113,892023224703;;
C0209;22,5648393883595;113,914270919465;;
C0210;22,5664885374929;113,88112508287;;
C0211;22,5347001431838;113,934484982603;;
C0212;22,5635670746006;113,883479856018;;
C0213;22,5882967436449;113,87082170103;;
C0214;22,5713445752704;113,894242979838;;
C0215;22,564381401486;113,908912110286;;
C0216;22,5639236907497;113,90689519523;;
C0217;22,5641731577473;113,908002951449;;
C0218;22,5843389061873;113,880990891298;;
C0219;22,5900167868769;113,866987643069;;
C0220;23,1250518701036;113,426117921006;;
C0221;23,1328338008373;113,434364335941;;
C0222;23,1290814565242;113,425453991488;;
C0223;23,1556896728855;113,414429184985;;
C0224;23,1268912156425;113,426147051257;;
C0225;23,1340570111301;113,401952999744;;
C0226;23,1268912156425;113,426147051257;;
C0227;23,131464487123;113,39953610877;;
C0228;23,1243926020944;113,426206577471;;
C0229;23,1292206226463;113,422685966365;;
C0230;23,1241114831405;113,426098711641;;
C0231;23,2044142314153;113,373234601091;;
C0232;23,1661292654245;113,385642891326;;
C0233;23,129232716755;113,428573851439;;
C0234;23,134385258672;113,386983912511;;
C0235;23,180177570872;113,357571765089;;
C0236;23,1630620678497;113,348986654841;;
C0237;23,1795751738139;113,357331780976;;
C0238;23,1415118408748;113,362219848423;;
C0239;23,1740206603861;113,36582515357;;
C0240;23,128201236725;113,409803875492;;
C0241;23,1777345430501;113,359246266746;;
C0242;23,1719624673318;113,353351492567;;
C0243;23,1415118408748;113,362219848423;;
C0244;23,1763082931536;113,357708334476;;
C0245;23,1182280466779;113,36543614147;;
C0246;23,1912179032022;113,335667565287;;
C0247;23,1205956000301;113,364407400204;;
C0248;23,1210796042825;113,370599152387;;
C0249;23,1582894042246;113,358834134957;;
C0250;23,1215784975876;113,377123412355;;
C0251;23,1264107257778;113,366470565417;;
C0252;23,1630241001727;113,335031733867;;
C0253;23,1217331740149;113,364276871024;;
C0254;23,1179790164898;113,363421242212;;
C0255;23,218508012637;113,385470000032;;
C0256;23,1665919430413;113,338238864198;;
C0257;23,2166450125323;113,391511000381;;
C0258;23,1211649729133;113,425949917214;;
C0259;23,1661292654245;113,385642891326;;
C0260;23,1197443204996;113,424246945561;;
C0261;23,2032567952229;113,371017996314;;
C0262;23,194885276175;113,348248881916;;
C0263;23,2171910595958;113,384233722345;;
C0264;23,2077430032348;113,387109341112;;
C0265;23,1679190117722;113,333968000008;;
C0266;23,1205451124871;113,378608785668;;
C0267;23,2066358047385;113,33019508363;;
C0268;23,1638901330298;113,416325148594;;
C0269;23,1682530621741;113,338145461984;;
C0270;23,1276863061694;113,337074115884;;
C0271;23,13175467031;113,408301926646;;
C0272;23,1265268056626;113,339728161309;;
C0273;23,1225217925568;113,335543055652;;
C0274;23,1276935062527;113,337540701156;;
C0275;23,1651511165794;113,4156572836;;
C0276;23,1615612343775;113,304000129358;;
C0277;23,1996540489449;113,347128721895;;
C0278;23,1661292654245;113,385642891326;;
C0279;23,1307505546616;113,335756320566;;
C0280;23,156182875043;113,312235008253;;
C0281;23,1661292654245;113,385642891326;;
C0282;23,1254415610074;113,412167259796;;
C0283;23,2020938755295;113,405699278669;;
C0284;23,1481146084808;113,352760205423;;
C0285;23,1463440912481;113,32741078211;;
C0286;23,147446529181;113,351151436374;;
C0287;23,2046780123776;113,432874000388;;
C0288;23,1368957171242;113,351127852261;;
C0289;23,1408063470102;113,345880474287;;
C0290;23,1502971172742;113,34642531724;;
C0291;23,1398082620373;113,327699177704;;
C0292;23,1274162841109;113,415821352813;;
C0293;23,1347198980372;113,369256150616;;
C0294;23,1370846778693;113,334185837298;;
C0295;23,1332527454854;113,392758289496;;
C0296;23,1404378235577;113,385656714629;;
C0297;23,1302005301029;113,375604489128;;
C0298;23,1320866665037;113,389765308911;;
C0299;23,1374623672538;113,393966324458;;
C0300;23,1332381032347;113,386050366476;;
C0301;23,1158731632186;113,413816391509;;
C0302;23,1752833428778;113,359174294508;;
C0303;23,1360076870702;113,385907421815;;
C0304;23,1361230943147;113,396369381527;;
C0305;23,1140157061116;113,417233751379;;
C0306;23,11486722257;113,419026670363;;
C0307;23,1164001918642;113,417752590184;;
C0308;23,1488970922941;113,314152388591;;
C0309;23,1409765065116;113,38272845965;;
C0310;23,1355432789837;113,349949100263;;
C0311;23,1388267999575;113,385409245834;;
C0312;23,1584355029268;113,350471164883;;
C0313;23,1140157061116;113,417233751379;;
C0314;23,1518175188293;113,317038758051;;
C0315;23,1428132590326;113,376373999187;;
C0316;23,1651851796552;113,325169857507;;
C0317;23,1417947416074;113,376959553345;;
C0318;23,1381658955335;113,372836112767;;
C0319;23,1381658955335;113,372836112767;;
C0320;23,1417412086734;113,377657988574;;
C0321;23,1422949979975;113,378844187225;;
C0322;23,1692249862081;113,329677608453;;
C0323;23,1403363421547;113,374239074634;;
C0324;23,1885950051963;113,342459513858;;
C0325;23,1420532499102;113,379121766622;;
C0326;23,1299183952726;113,386262366576;;
C0327;23,1972818628505;113,373590214192;;
C0328;23,1302810640989;113,38630207168;;
C0329;23,1759880119021;113,35947200014;;
C0330;23,1721295687677;113,326701600452;;
C0331;23,1475000031533;113,443910853168;;
C0332;23,1883187448893;113,34235264859;;
C0333;23,1748031559868;113,332229783339;;
C0334;23,1965048440288;113,373191690834;;
C0335;23,1611480116097;113,407645000318;;
C0336;23,1449450113552;113,342239999582;;
C0337;23,1661292654245;113,385642891326;;
C0338;23,1597205639146;113,404628851535;;
C0339;23,1589232837543;113,401055841371;;
C0340;23,1268844070247;113,419048258441;;
C0341;23,1185926586028;113,363084018324;;
C0342;23,1292922200762;113,422565614088;;
C0343;23,1222070647353;113,403883785268;;
C0344;23,2068186871541;113,371994310674;;
C0345;23,1758544962636;113,398655180083;;
C0346;23,2081929506383;113,378243822105;;
C0347;23,2004412350427;113,373559832601;;
C0348;23,1784317242067;113,404449454535;;
C0349;23,1744284593286;113,405518627634;;
C0350;23,2025618048406;113,373031110639;;
C0351;23,135099854086;113,331428181315;;
C0352;23,2083778833953;113,375999404891;;
C0353;23,2015648000555;113,372893514489;;
C0354;23,1661292654245;113,385642891326;;
C0355;23,152439011452;113,335161999844;;
C0356;23,2020082371942;113,392327455886;;
C0357;23,141836430132;113,378175134073;;
C0358;23,2015723567683;113,393217317324;;
C0359;23,1661292654245;113,385642891326;;
C0360;23,1526315749439;113,331979797491;;
C0361;23,1334902129303;113,417472723103;;
C0362;23,1157516618098;113,431733465899;;
C0363;23,1136875331374;113,429036149996;;
C0364;23,126380534188;113,394237266874;;
C0365;23,1193031005645;113,425546793634;;
C0366;23,1977399501433;113,418300905088;;
C0367;23,2016885307926;113,399645052568;;
C0368;23,1308184591259;113,366017319084;;
C0369;23,1285788645887;113,391592499148;;
C0370;23,1989919367917;113,423896900158;;
C0371;23,1632708029927;113,319135768721;;
C0372;23,1625635920791;113,320802043695;;
C0373;23,1284711996895;113,391249489274;;
C0374;23,132057462335;113,422153695198;;
C0375;23,1342275461067;113,440364444525;;
C0376;23,132858029438;113,436370267415;;
C0377;23,112799654798;113,418703373932;;
C0378;23,1334491346051;113,436289987648;;
C0379;23,1337666477058;113,434754300244;;
C0380;23,1358307131982;113,435065386137;;
C0381;23,1337507207939;113,441337923833;;
C0382;23,1289068579515;113,36608669432;;
C0383;23,1291517966022;113,366875136168;;
C0384;23,122813458944;113,417816695062;;
C0385;23,1288550595125;113,418867892169;;
C0386;23,1196220319299;113,415245336863;;
C0387;23,1218655051535;113,415994913522;;
C0388;23,1203906106629;113,41855135446;;
C0389;23,1569321390744;113,350963900726;;
C0390;23,1292206226463;113,422685966365;;
C0391;23,1324969926193;113,417873505699;;
C0392;23,1251575271141;113,329205900145;;
C0393;23,1292206226463;113,422685966365;;
C0394;23,1696415901745;113,389230421878;;
C0395;23,1402855966886;113,376080702438;;
C0396;23,1761037710277;113,374706640856;;
C0397;23,1420609885567;113,379266992081;;
C0398;23,1377408545677;113,362395916303;;
C0399;23,1784051832087;113,338959125556;;
C0400;23,145458819565;113,366019119288;;
C0401;23,1216073017373;113,347055271047;;
C0402;23,1229043142311;113,352700409717;;
C0403;23,1469422978487;113,369358992224;;
C0404;23,1661292654245;113,385642891326;;
C0405;23,1661292654245;113,385642891326;;
C0406;23,1968891049947;113,333904360453;;
C0407;23,1620205912619;113,313013333384;;
C0408;23,1997810715918;113,406044581019;;
C0409;23,1796945094517;113,326176460933;;
C0410;23,1257908533873;113,429317870282;;
C0411;23,1661292654245;113,385642891326;;
C0412;23,1408031794597;113,350434978442;;
C0413;23,1253018210981;113,403138562695;;
C0414;23,167320152268;113,323787284481;;
C0415;23,1212871984071;113,407067174282;;
C0416;23,1275940613668;113,408763579322;;
C0417;23,1400421183246;113,379629399066;;
C0418;23,1553241668861;113,331017565867;;
C0419;23,1661292654245;113,385642891326;;
C0420;23,1371192421634;113,389886490324;;
C0421;23,1551263380983;113,33084694082;;
C0422;23,1256512084006;113,428833693494;;
C0423;23,1486365953332;113,442869313743;;
C0424;23,1745072027921;113,361228656327;;
C0425;23,1661292654245;113,385642891326;;
C0426;23,1571379834538;113,341841787936;;
C0427;23,1383053046856;113,365009895506;;
C0428;23,1637637912665;113,435694787485;;
C0429;23,1272320110071;113,403613999869;;
C0430;23,1247004521054;113,410432097365;;
C0431;23,1468291133959;113,440889332519;;
C0432;23,1632900116537;113,344705000206;;
C0433;23,1154526943948;113,40263502383;;
C0434;23,1166529932481;113,37099699453;;
C0435;23,117706184894;113,370131364285;;
C0436;23,1245602528465;113,400407713945;;
C0437;23,1784309303639;113,348472180903;;
C0438;23,1589144144631;113,403393991375;;
C0439;23,1175172158158;113,370779290489;;
C0440;23,1300237147343;113,401492956832;;
C0441;23,1323622746093;113,40091430166;;
C0442;23,1232607593583;113,377261778352;;
C0443;23,13044997687;113,404684187155;;
C0444;23,1279185287221;113,4032901395;;
C0445;23,1293652507027;113,403405718754;;
C0446;23,1263654346101;113,401945523148;;
C0447;23,1292690785049;113,401235861795;;
C0448;23,1268609135724;113,398938643979;;
C0449;23,1286597531859;113,400306110202;;
C0450;23,1276761151142;113,399921983089;;
C0451;23,1283881130014;113,399926671345;;
C0452;23,1257743590303;113,402133064839;;
C0453;23,171100011767;113,386175999891;;
C0454;23,1702714000464;113,384585374817;;
C0455;23,1699350009652;113,387396188926;;
C0456;23,1708869448444;113,38494499436;;
C0457;23,1729753399245;113,389167899815;;
C0458;23,1322452457752;113,401533722834;;
C0459;23,1223545046605;113,403996630406;;
C0460;23,1673301811272;113,388460317141;;
C0461;23,1661270451821;113,391131188727;;
C0462;23,1378311634248;113,349155252413;;
C0463;23,1052404738358;113,265157488051;;
C0464;23,1033559892238;113,279148720331;;
C0465;23,1019131584668;113,275166894922;;
C0466;23,1661292654245;113,385642891326;;
C0467;23,1110372373943;113,288306247018;;
C0468;23,1289567572535;113,427640923438;;
C0469;23,1962816386433;113,334793323585;;
C0470;23,1966554197047;113,337286031544;;
C0471;23,1090703557804;113,254701360139;;
C0472;23,1328373319042;113,419356570367;;
C0473;23,1012999896381;113,294652099919;;
C0474;23,1012298553534;113,294672200403;;
C0475;23,1076787043219;113,338601334064;;
C0476;23,0742033980381;113,363084420765;;
C0477;23,1040893557202;113,335138942138;;
C0478;23,0742033980381;113,363084420765;;
C0479;23,0641883935012;113,362687049034;;
C0480;23,056712516586;113,345719799771;;
C0481;23,090897128267;113,300322312093;;
C0482;23,0991965394349;113,329603273672;;
C0483;23,1149570036435;113,281444659857;;
C0484;23,0831271094614;113,300752305787;;
C0485;23,0796051598373;113,304378308791;;
C0486;23,0845867955137;113,282659920788;;
C0487;23,094985826253;113,341136882213;;
C0488;23,0861900555086;113,32553799658;;
C0489;23,1016784508803;113,342520799105;;
C0490;23,1032025871125;113,326406926601;;
C0491;23,1150640108448;113,281722000006;;
C0492;23,0809828802221;113,287799970118;;
C0493;23,1015784513952;113,326699469672;;
C0494;23,0976150698753;113,305591138009;;
C0495;23,0945474817537;113,287680253841;;
C0496;23,094581805312;113,292393393359;;
C0497;23,0973254269329;113,30348525747;;
C0498;23,1057446897126;113,301110647042;;
C0499;23,0926363187351;113,341983630376;;
C0500;23,1042006852508;113,353216654215;;
C0501;23,1048315471985;113,344849867241;;
C0502;23,0828092189751;113,292927166493;;
C0503;23,0829311168138;113,293443790076;;
C0504;23,1081535948914;113,311710749971;;
C0505;23,0968528001017;113,290603519631;;
C0506;23,0631573428513;113,364699690851;;
C0507;23,0728443231143;113,311360914772;;
C0508;23,0726704763536;113,310999628872;;
C0509;23,0735083168471;113,308942254585;;
C0510;23,0986607469292;113,287638529347;;
C0511;23,1060820354367;113,315002525332;;
C0512;23,1090992737482;113,286377868954;;
C0513;23,0729150383554;113,359154108685;;
C0514;23,1090452404087;113,286744933653;;
C0515;23,0761908692526;113,297271180598;;
C0516;23,0967452096068;113,273385694333;;
C0517;23,0741465293896;113,363313777924;;
C0518;23,0876292287885;113,333841266126;;
C0519;23,1095973264298;113,264458310822;;
C0520;23,1130232557855;113,271793281631;;
C0521;23,0862622799659;113,325283322476;;
C0522;23,0876292287885;113,333841266126;;
C0523;23,0908338592948;113,34810276983;;
C0524;23,0944303826708;113,291259282653;;
C0525;23,0861148372755;113,357109747701;;
C0526;23,0907429668485;113,347183019971;;
C0527;23,0875959421184;113,292560552743;;
C0528;23,0699754230513;113,287103367433;;
C0529;23,0939587818989;113,291845311116;;
C0530;23,0939587818989;113,291845311116;;
C0531;23,0780924686457;113,288160576899;;
C0532;23,1057266175108;113,315566923999;;
C0533;23,0870243776235;113,319858403402;;
C0534;23,0749212755029;113,284110855763;;
C0535;23,0866350416188;113,325101505441;;
C0536;23,0861900555086;113,32553799658;;
C0537;23,0876292287885;113,333841266126;;
C0538;23,0877710661597;113,327694005261;;
C0539;23,0839327142735;113,357589823915;;
C0540;23,08854919987;113,325072310512;;
C0541;23,1045085042375;113,314874656536;;
C0542;23,0823857461421;113,303899159818;;
C0543;23,0813522789248;113,301590359252;;
C0544;23,0816901506448;113,302637938883;;
C0545;23,0837175823519;113,296943041274;;
C0546;23,0802418297641;113,297160539902;;
C0547;23,0870324784428;113,2980198338;;
C0548;23,0870386370032;113,300143254652;;
C0549;23,1076436197974;113,270192875806;;
C0550;23,0983072683405;113,277113198673;;
C0551;23,0604548073644;113,339668376383;;
C0552;23,0885562186488;113,327618410157;;
C0553;23,0564221593712;113,346879610099;;
C0554;23,0753584673652;113,299435723182;;
C0555;23,0945056360883;113,349419112589;;
C0556;23,0769887021101;113,306174005335;;
C0557;23,0983072683405;113,277113198673;;
C0558;23,1076436197974;113,270192875806;;
C0559;23,1150277506488;113,269138520257;;
C0560;23,0908046953325;113,286798999967;;
C0561;23,0821697287641;113,339942770089;;
C0562;23,0826745923287;113,341835196171;;
C0563;23,1171205770157;113,278745688377;;
C0564;23,1000470548828;113,270340197011;;
C0565;23,0751065724343;113,276269971867;;
C0566;23,1094777640312;113,274779942637;;
C0567;23,086056159361;113,29108932325;;
C0568;23,0837108500631;113,290770604456;;
C0569;23,0928025368226;113,314021535793;;
C0570;23,097347523613;113,314883729421;;
C0571;23,0960693954319;113,313258094686;;
C0572;23,0876292287885;113,333841266126;;
C0573;23,0876292287885;113,333841266126;;
C0574;23,0964040161608;113,314410861401;;
C0575;23,0928025368226;113,314021535793;;
C0576;23,0854436679364;113,385593545785;;
C0577;23,0961858213171;113,314030739831;;
C0578;23,0933870506333;113,313420946695;;
C0579;23,0979505452759;113,314310129014;;
C0580;23,095286189755;113,31855768038;;
C0581;23,0938918320218;113,315989733046;;
C0582;23,0943600005872;113,316725379233;;
C0583;23,0938918320218;113,315989733046;;
C0584;23,0971614599529;113,313698676708;;
C0585;23,0876292287885;113,333841266126;;
C0586;23,0938918320218;113,315989733046;;
C0587;23,0940955461247;113,316330791801;;
C0588;23,0942002412013;113,318889891723;;
C0589;23,0878842030094;113,345114762264;;
C0590;23,0969250869932;113,32698481462;;
C0591;23,0897357469695;113,297697334936;;
C0592;23,0830827872767;113,339986287601;;
C0593;23,0863702438164;113,341299211408;;
C0594;23,1101908704676;113,329127978431;;
C0595;23,0662528190431;113,320531518093;;
C0596;23,0830827872767;113,339986287601;;
C0597;23,0970240105138;113,271248000305;;
C0598;23,0917924064336;113,310803118254;;
C0599;23,0844304549995;113,300558361628;;
C0600;23,0937813850207;113,305885380673;;
C0601;23,0747144717678;113,309575014249;;
C0602;23,0938719022319;113,307193715038;;
C0603;23,0923603762214;113,310922999819;;
C0604;23,0953815500208;113,311349975207;;
C0605;23,0912080717733;113,304062157353;;
C0606;23,0936993629256;113,310556681612;;
C0607;23,1379792964032;113,210516888526;;
C0608;23,0990886691124;113,308788906199;;
C0609;23,0898161883329;113,335742907967;;
C0610;23,0863638693804;113,332307471494;;
C0611;23,0712271665055;113,295397157203;;
C0612;23,0770880928883;113,289971541942;;
C0613;23,0872799297747;113,332627737171;;
C0614;23,0871952124002;113,333920776088;;
C0615;23,0876292287885;113,333841266126;;
C0616;23,0627331232075;113,363847901397;;
C0617;23,0761894238066;113,294600529996;;
C0618;23,077847481707;113,298603834788;;
C0619;23,1062744840244;113,300288092941;;
C0620;23,1229608993585;113,262403639088;;
C0621;23,0876292287885;113,333841266126;;
C0622;23,0795158597193;113,282321718645;;
C0623;23,1142175846722;113,285232952531;;
C0624;23,0876292287885;113,333841266126;;
C0625;23,0820570102749;113,280943000247;;
C0626;23,1060786603979;113,29182639909;;
C0627;23,0876292287885;113,333841266126;;
C0628;23,0765992017237;113,36055618662;;
C0629;23,0876292287885;113,333841266126;;
C0630;23,0740204690385;113,360571146101;;
C0631;23,0783793334018;113,355451391289;;
C0632;23,0876292287885;113,333841266126;;
C0633;23,0715274253555;113,327310079367;;
C0634;23,0740204690385;113,360571146101;;
C0635;23,0779636782758;113,356934667957;;
C0636;23,0783854918091;113,35813396001;;
C0637;23,0778171312894;113,355091935238;;
C0638;23,0844479089863;113,329498171928;;
C0639;23,0777533860557;113,354672682582;;
C0640;23,0724674685281;113,323825029481;;
C0641;23,0718286958716;113,289007475977;;
C0642;23,0806586778044;113,277004791164;;
C0643;23,0729479201077;113,325029097526;;
C0644;23,1073799817337;113,295757677747;;
C0645;23,0876292287885;113,333841266126;;
C0646;23,0709424578153;113,327520038517;;
C0647;23,0865826725345;113,342103831738;;
C0648;23,0876292287885;113,333841266126;;
C0649;23,0937713348071;113,367605189954;;
C0650;23,0954427120507;113,345369123757;;
C0651;23,096084665751;113,304756527749;;
C0652;23,0799127421251;113,280828257071;;
C0653;23,0989917138954;113,2601141997;;
C0654;23,0931230388096;113,293560526832;;
C0655;23,0754014497394;113,289208271513;;
C0656;23,0985783558674;113,266273576054;;
C0657;23,0740113565949;113,288750750144;;
C0658;23,0966082092606;113,3215029834;;
C0659;23,0986309351338;113,31823357804;;
C0660;23,1054356097074;113,289522530221;;
C0661;23,0958717995407;113,325217207191;;
C0662;23,1243757118004;113,282918246504;;
C0663;23,0876292287885;113,333841266126;;
C0664;23,0857232230438;113,333289845823;;
C0665;23,0922722172877;113,312791575889;;
C0666;23,0915088100816;113,316172257048;;
C0667;23,0910146010522;113,325524068353;;
C0668;23,1013024863218;113,314694186959;;
C0669;23,0965673477283;113,321326443011;;
C0670;23,1004187589178;113,333484043305;;
C0671;23,1010475196023;113,336454536608;;
C0672;23,1027573466621;113,318254043047;;
C0673;23,0732499407334;113,313462396308;;
C0674;23,0876292287885;113,333841266126;;
C0675;23,090602673962;113,362360857236;;
C0676;23,0947862290112;113,33674089754;;
C0677;23,0913481215058;113,363216877709;;
C0678;23,0910054589397;113,331816698448;;
C0679;23,0901940540625;113,27724328409;;
C0680;23,0916979531438;113,27547543322;;
C0681;23,0766852133663;113,309670233735;;
C0682;23,0982180105422;113,268301000386;;
C0683;23,109053585525;113,317952110178;;
C0684;23,1002261378906;113,272654115225;;
C0685;23,0641883935012;113,362687049034;;
C0686;23,1027477144144;113,271195237433;;
C0687;23,0824929844686;113,385036566725;;
C0688;23,1536553435508;113,234272304645;;
C0689;23,0973594422807;113,284260056223;;
C0690;23,1720451501891;113,281392654257;;
C0691;23,197243400836;113,262757160933;;
C0692;23,2075447011239;113,243210782229;;
C0693;23,2108102878262;113,245043314689;;
C0694;23,2108102878262;113,245043314689;;
C0695;23,1655145487724;113,229588457971;;
C0696;23,2945140830139;113,331306286413;;
C0697;23,2290640378622;113,312815581949;;
C0698;23,2945140830139;113,331306286413;;
C0699;23,1655145487724;113,229588457971;;
C0700;23,1882336966083;113,268476834706;;
C0701;23,2217282605641;113,308778875335;;
C0702;23,1908225234581;113,272479087582;;
C0703;23,2945140830139;113,331306286413;;
C0704;23,2215215690794;113,309552963544;;
C0705;23,1781941418113;113,264702553802;;
C0706;23,1697007550676;113,245910963727;;
C0707;23,1785924709742;113,263985291887;;
C0708;23,2945140830139;113,331306286413;;
C0709;23,2215215690794;113,309552963544;;
C0710;23,220757456904;113,308015195664;;
C0711;23,1766425283608;113,255972333977;;
C0712;23,1968477606659;113,273435585323;;
C0713;23,22620436185;113,307334819071;;
C0714;23,2316008595393;113,310653529725;;
C0715;23,2238533093311;113,306929000574;;
C0716;23,1924608894995;113,273631743806;;
C0717;23,2207283968426;113,308948535088;;
C0718;23,2378290129051;113,308346000261;;
C0719;23,2248179432767;113,305428357864;;
C0720;23,167320152268;113,259746545712;;
C0721;23,2339698264545;113,310976890689;;
C0722;23,1946256785006;113,264092574717;;
C0723;23,2340781512766;113,310189556726;;
C0724;23,235437956522;113,277014056736;;
C0725;23,1758383312209;113,248199176928;;
C0726;23,1988670367;113,271659723364;;
C0727;23,2127333159064;113,24134206243;;
C0728;23,1661570262894;113,259140503002;;
C0729;23,2255791937175;113,312566405732;;
C0730;23,1761071988645;113,247501713666;;
C0731;23,1496580044593;113,225394742055;;
C0732;23,1992897946638;113,267134479715;;
C0733;23,199939473051;113,261361681052;;
C0734;23,209324554379;113,25799861297;;
C0735;23,2108005872629;113,259083174042;;
C0736;23,1980341509647;113,264610799979;;
C0737;23,2102174919692;113,255647571383;;
C0738;23,2084147218781;113,257721205449;;
C0739;23,1979764752493;113,333157599082;;
C0740;23,2945140830139;113,331306286413;;
C0741;23,1587057502041;113,266288346891;;
C0742;23,2259644071884;113,272685954765;;
C0743;23,1896803796832;113,267258266214;;
C0744;23,1790372328926;113,275320468333;;
C0745;23,2945140830139;113,331306286413;;
C0746;23,1907173059374;113,258200781448;;
C0747;23,1908635633919;113,255851172327;;
C0748;23,1916665781134;113,258362355735;;
C0749;23,2297560127965;113,293487000368;;
C0750;23,2025657059019;113,329411742361;;
C0751;23,2407718281876;113,289934347357;;
C0752;23,1767953946725;113,242746652925;;
C0753;23,2423705585503;113,281693945925;;
C0754;23,2945140830139;113,331306286413;;
C0755;23,1982625179937;113,25868157309;;
C0756;23,2002569787626;113,328359372067;;
C0757;23,2456045397394;113,288811939122;;
C0758;23,2945140830139;113,331306286413;;
C0759;23,2442624744004;113,277791456163;;
C0760;23,2438359635595;113,287644888451;;
C0761;23,2190124331328;113,33573515559;;
C0762;23,243784982419;113,285670546019;;
C0763;23,226803342122;113,309463828281;;
C0764;23,1369991188442;113,394801481785;;
C0765;23,1747428812327;113,24165776741;;
C0766;23,2456045397394;113,288811939122;;
C0767;23,2456045397394;113,288811939122;;
C0768;23,156416883605;113,25304314566;;
C0769;23,220518998154;113,234027609817;;
C0770;23,1884822368971;113,23384875719;;
C0771;23,1797315704578;113,262242038418;;
C0772;23,198997485686;113,261072893797;;
C0773;23,1884376395657;113,235404442672;;
C0774;23,1797840119816;113,262046000308;;
C0775;23,1809159225363;113,262152387528;;
C0776;23,1647831858942;113,247380940083;;
C0777;23,1998620374417;113,258489007829;;
C0778;23,1963884836648;113,272597476164;;
C0779;23,2052656523194;113,261160559432;;
C0780;23,1933161441568;113,240112235475;;
C0781;23,1599498947078;113,227813541928;;
C0782;23,1974612751226;113,236632605965;;
C0783;23,201182064445;113,26274446069;;
C0784;23,1859649971386;113,255255557147;;
C0785;23,1792370894474;113,259013371213;;
C0786;23,1998715042147;113,258514879028;;
C0787;23,1885176319695;113,256737304899;;
C0788;23,1562095214261;113,228085947684;;
C0789;23,20062261227;113,261429288423;;
C0790;23,2945140830139;113,331306286413;;
C0791;23,1670528671374;113,228760452054;;
C0792;23,1669700734295;113,235862708736;;
C0793;23,1642612149955;113,228147802307;;
C0794;23,1683549384132;113,230466726777;;
C0795;23,2203816683024;113,232128052986;;
C0796;23,2128091257282;113,256333074606;;
C0797;23,2080856301427;113,257781289511;;
C0798;23,1652422312424;113,228628643687;;
C0799;23,1821785337432;113,261357120355;;
C0800;23,1874927871692;113,257570849768;;
C0801;23,19898133925;113,248886498321;;
C0802;23,2123800795092;113,245583492741;;
C0803;23,1750520118794;113,245989000425;;
C0804;23,2193505903347;113,292039731378;;
C0805;23,1714831695054;113,27213417869;;
C0806;23,2561485253707;113,321468356417;;
C0807;23,1756574628588;113,242057944548;;
C0808;23,2137243480356;113,259999208509;;
C0809;23,2945140830139;113,331306286413;;
C0810;23,1748022358746;113,257654510756;;
C0811;23,1762897157023;113,256938479519;;
C0812;23,1914111252324;113,266942667235;;
C0813;23,185874564388;113,257194420234;;
C0814;23,226536066568;113,235423434647;;
C0815;23,1647480394784;113,26768001616;;
C0816;23,1489951738186;113,170112364328;;
C0817;23,179053035591;113,257100215833;;
C0818;23,1726583044407;113,259704911048;;
C0819;23,2197217601727;113,231263557899;;
C0820;23,1842858575535;113,233681989467;;
C0821;23,2170105658974;113,284899728797;;
C0822;23,2177424098266;113,231615948419;;
C0823;23,2123298334645;113,332574423637;;
C0824;23,2167170125436;113,229747999725;;
C0825;23,1689348736194;113,2760813331;;
C0826;23,2103992692098;113,331031960314;;
C0827;23,2130149538251;113,239246938201;;
C0828;23,1828904696827;113,250118361734;;
C0829;23,1989060931584;113,273255819119;;
C0830;23,2402271659947;113,293011365566;;
C0831;23,2230103206878;113,255925159464;;
C0832;23,2945140830139;113,331306286413;;
C0833;23,2364041877196;113,285305560769;;
C0834;23,2456045397394;113,288811939122;;
C0835;23,196973729777;113,248418289811;;
C0836;23,1923239716255;113,346328848211;;
C0837;23,2365420128781;113,285112999999;;
C0838;23,1845483760178;113,252311656381;;
C0839;23,2109191813638;113,264493641178;;
C0840;23,2278738257633;113,311700911729;;
C0841;23,1640951135226;113,23950242617;;
C0842;23,2287278295725;113,311222372706;;
C0843;23,1928356309149;113,262834718834;;
C0844;23,1902549224624;113,329201520008;;
C0845;23,2273752142311;113,312659788702;;
C0846;23,1863782504698;113,329731507682;;
C0847;23,1799259178795;113,215164541572;;
C0848;23,2134440930551;113,264693073984;;
C0849;23,213756458034;113,267404165402;;
C0850;23,1526827549643;113,235289956329;;
C0851;23,2945140830139;113,331306286413;;
C0852;23,1799259178795;113,215164541572;;
C0853;23,1529210172305;113,234253713314;;
C0854;23,2945140830139;113,331306286413;;
C0855;23,1759554525274;113,264192332442;;
C0856;23,1711412221953;113,279919408068;;
C0857;23,2305304448983;113,272344113586;;
C0858;23,1647270276279;113,268292146687;;
C0859;23,186174471351;113,331581117828;;
C0860;23,1657323711613;113,267960175191;;
C0861;23,1876029056329;113,329330932594;;
C0862;23,1736208134395;113,263333101426;;
C0863;23,1881663461176;113,332970717401;;
C0864;23,1745747081632;113,265397066131;;
C0865;23,2223428512417;113,298053832867;;
C0866;23,2222028132588;113,298821577755;;
C0867;23,1865460178666;113,33240059703;;
C0868;23,1754899083987;113,275153383509;;
C0869;23,2232044055151;113,295219554269;;
C0870;23,1580035563985;113,270227076094;;
C0871;23,1839400720329;113,279390783123;;
C0872;23,1590749650547;113,270676767832;;
C0873;23,2228600126729;113,299455999733;;
C0874;23,2163816868964;113,282025959641;;
C0875;23,2145845823864;113,28240323448;;
C0876;23,2120392022266;113,289144414568;;
C0877;23,2393880129729;113,309759999608;;
C0878;23,2184247891942;113,286419156003;;
C0879;23,2119763033257;113,284236235497;;
C0880;23,212300945754;113,284593848585;;
C0881;23,2171700373954;113,284034020549;;
C0882;23,214353176087;113,282033722797;;
C0883;23,21252067942;113,284463727235;;
C0884;23,2164367367622;113,289016662948;;
C0885;23,1604864552248;113,270467665665;;
C0886;23,2039611984407;113,270481416027;;
C0887;23,2063714464201;113,228532764845;;
C0888;23,2362828184386;113,301079969909;;
C0889;23,202702454146;113,266134396191;;
C0890;23,1744977866958;113,261305105771;;
C0891;23,2056073154477;113,264824585094;;
C0892;23,1743150118172;113,266744999599;;
C0893;23,2419626215179;113,34972702387;;
C0894;23,1949330121755;113,267895000431;;
C0895;23,2106572207019;113,280647904192;;
C0896;23,2106408480084;113,27997638579;;
C0897;23,2098072560289;113,277258203148;;
C0898;23,3645578546087;113,209898843556;;
C0899;23,2179011685204;113,291180868667;;
C0900;23,2327910127955;113,282031000033;;
C0901;23,2318195329286;113,282857812821;;
C0902;23,2121031526756;113,264604525315;;
C0903;23,2092496611012;113,263064545807;;
C0904;23,1796970649568;113,325624817807;;
C0905;23,2326255874091;113,283839420177;;
C0906;23,2419148046402;113,296957953145;;
C0907;23,2258926014348;113,260713841085;;
C0908;23,2322025737945;113,28281563576;;
C0909;23,2322025737945;113,28281563576;;
C0910;23,2945140830139;113,331306286413;;
C0911;23,2945140830139;113,331306286413;;
C0912;23,2265657048661;113,29627910457;;
C0913;23,2265657048661;113,29627910457;;
C0914;23,2265657048661;113,29627910457;;
C0915;23,2249918681562;113,231947611257;;
C0916;23,2945140830139;113,331306286413;;
C0917;23,1685594662848;113,254759007099;;
C0918;23,2224270126994;113,23771100017;;
C0919;23,2224429171502;113,234220445468;;
C0920;23,2211432436874;113,231909889115;;
C0921;23,2261878467029;113,237436177972;;
C0922;23,2257563079159;113,232598984354;;
C0923;23,2208264076861;113,229873519954;;
C0924;23,2306603006349;113,30567847666;;
C0925;23,2233254329897;113,274436686627;;
C0926;23,2205046444513;113,282637918591;;
C0927;23,2245028243251;113,272030063285;;
C0928;23,2212967274541;113,272729575582;;
C0929;23,2228800126474;113,271505000122;;
C0930;23,1780953864002;113,246920270153;;
C0931;23,2220208671118;113,271670494946;;
C0932;23,2352506691631;113,280295040805;;
C0933;23,2213833379066;113,278769999989;;
C0934;23,1563351221097;113,270731025484;;
C0935;23,14935421829;113,233401041724;;
C0936;23,2343988718168;113,310850517344;;
C0937;23,1480329892352;113,234048502607;;
C0938;23,178930341128;113,253519222427;;
C0939;23,2061770297533;113,278833005469;;
C0940;23,1859814191482;113,330984633089;;
C0941;23,2945140830139;113,331306286413;;
C0942;23,2343469842083;113,310843510561;;
C0943;23,1025222880729;113,322133512122;;
C0944;23,1536396654172;113,239807756619;;
C0945;23,2945140830139;113,331306286413;;
C0946;23,2029842088613;113,2302324487;;
C0947;23,1833307084935;113,247068951393;;
C0948;23,2034655903433;113,230891804944;;
C0949;23,1523971683438;113,23802102696;;
C0950;23,1548705706967;113,237298199144;;
C0951;23,186649443275;113,263741460331;;
C0952;23,1599999385355;113,239997136488;;
C0953;23,1502621520728;113,236073470971;;
C0954;23,152970337754;113,412541484889;;
C0955;23,2945140830139;113,331306286413;;
C0956;23,1943019759539;113,272896659509;;
C0957;23,2063948630724;113,229243504164;;
C0958;23,1609270116189;113,239808999874;;
C0959;23,1491264278633;113,226036483427;;
C0960;23,1930323895102;113,275820266655;;
C0961;23,1953015059932;113,276259687766;;
C0962;23,193400723641;113,275870141475;;
C0963;23,2245365698127;113,254608383722;;
C0964;23,2193745913678;113,249582656045;;
C0965;23,2945140830139;113,331306286413;;
C0966;23,2033259176495;113,258549733281;;
C0967;23,2159397095404;113,247354331375;;
C0968;23,2163312867729;113,247810041761;;
C0969;23,2363059970845;113,345920274611;;
C0970;23,2436522514719;113,280738010523;;
C0971;23,2044465589968;113,262058210975;;
C0972;23,1858803663068;113,254365242963;;
C0973;23,2022957855366;113,25831200122;;
C0974;23,1695365742264;113,254360454995;;
C0975;23,2945140830139;113,331306286413;;
C0976;23,2148450972204;113,291958344;;
C0977;23,1858579966943;113,236427539885;;
C0978;23,2145862848041;113,293155875075;;
C0979;23,2151875571629;113,332808628053;;
C0980;23,2156529919026;113,300569151175;;
C0981;23,2147340827812;113,292699176554;;
C0982;23,2132988056448;113,2918655176;;
C0983;23,2133362355309;113,290083969368;;
C0984;23,2304391810384;113,308939053474;;
C0985;23,2094977819032;113,294131973842;;
C0986;23,2060633597824;113,335064130357;;
C0987;23,1978745813797;113,27696831996;;
C0988;23,1410603631778;113,517519004649;;
C0989;23,207075134441;113,335895230039;;
C0990;23,1969110285401;113,336985548351;;
C0991;23,1921999341511;113,265597239141;;
C0992;23,207203804306;113,336035424088;;
C0993;23,237565062393;113,30245243071;;
C0994;23,1723660910875;113,255263102913;;
C0995;23,2059963952851;113,335775588321;;
C0996;23,2232370868708;113,275183207252;;
C0997;23,1346461896624;113,305101647743;;
C0998;22,7363450035543;114,292760000302;;
C0999;22,6574622868825;114,347695727712;;
C1000;22,7250156019284;114,2718811839;;
C1001;22,7226997081941;114,272573521431;;
C1002;22,6574622868825;114,347695727712;;
C1003;22,6574622868825;114,347695727712;;
C1004;22,7323592499976;114,28666717581;;
C1005;22,6992679851004;114,264191573754;;
C1006;22,7253113301859;114,297167236251;;
C1007;22,7349015378403;114,283058453509;;
C1008;22,7354298569666;114,260723883622;;
C1009;22,7352621415892;114,283999670475;;
C1010;22,735301360612;114,284066531952;;
C1011;22,7280560352324;114,297405111144;;
C1012;22,7189673296485;114,26730882233;;
C1013;22,7255641430767;114,276477066701;;
C1014;22,7346610795393;114,383257670671;;
C1015;22,7065207527802;114,237706016751;;
C1016;22,7012399687206;114,233540758255;;
C1017;22,7222420032818;114,264709000423;;
C1018;22,7455164783545;114,274463296613;;
C1019;22,7091760973373;114,245720190966;;
C1020;22,7044238896992;114,24495206286;;
C1021;22,7323031595798;114,293826249417;;
C1022;22,7351665430555;114,292621135745;;
C1023;22,7223766140437;114,263676274273;;
C1024;22,7024160421293;114,233182399035;;
C1025;22,7468435457508;114,281088200035;;
C1026;22,6767915100689;114,168423800977;;
C1027;22,7017999612928;114,246251098954;;
C1028;22,7503764029864;114,284111819126;;
C1029;22,7467999673484;114,281409344255;;
C1030;22,6767915100689;114,168423800977;;
C1031;22,7165733410933;114,26461997116;;
C1032;22,7224351073237;114,260494007242;;
C1033;22,7159407646627;114,264177688646;;
C1034;22,7499077901963;114,285263194815;;
C1035;22,722229715604;114,262723722789;;
C1036;22,7389872094712;114,291694093565;;
C1037;22,7245952781917;114,275608138477;;
C1038;22,7197427327865;114,248325470978;;
C1039;22,7490356326583;114,285407331977;;
C1040;22,7307317187625;114,228992656324;;
C1041;22,7255489485721;114,272456359037;;
C1042;22,7524974534298;114,285480285164;;
C1043;22,7318862444033;114,30283983163;;
C1044;22,7338265603725;114,261412883948;;
C1045;22,7331071008026;114,252687945711;;
C1046;22,7342148032208;114,261377131389;;
C1047;22,7083119203669;114,243410661873;;
C1048;22,7397046297258;114,292707141311;;
C1049;22,7089563577662;114,239904031994;;
C1050;22,7394615651231;114,261629024339;;
C1051;22,6574622868825;114,347695727712;;
C1052;22,6574622868825;114,347695727712;;
C1053;22,7000320030959;114,236753431131;;
C1054;22,6574622868825;114,347695727712;;
C1055;22,6574622868825;114,347695727712;;
C1056;22,7478862216627;114,284766450283;;
C1057;22,7363553657265;114,261933238194;;
C1058;22,6745584222898;114,227720857841;;
C1059;22,7119976694129;114,246839673665;;
C1060;22,6095179833464;114,129479113063;;
C1061;22,731732413054;114,261663511185;;
C1062;22,7383667433442;114,26489898575;;
C1063;22,7322430034936;114,261357000362;;
C1064;22,7344422985121;114,286383621184;;
C1065;22,7221670056933;114,266364254087;;
C1066;22,7387538678362;114,283079107799;;
C1067;22,7357467739535;114,272867208943;;
C1068;22,7329724055147;114,28721940463;;
C1069;22,7178681190784;114,272906762233;;
C1070;22,57081030331;114,144595274468;;
C1071;22,7257042523527;114,227759277469;;
C1072;22,7912047145946;114,105584721896;;
C1073;22,7045816442784;114,237844739376;;
C1074;22,7208021543088;114,268000697234;;
C1075;22,7067774673245;114,234162779126;;
C1076;22,7257042523527;114,227759277469;;
C1077;22,7001162657669;114,246202775058;;
C1078;22,7001162657669;114,246202775058;;
C1079;22,7290523904969;114,226097799446;;
C1080;22,7031648382584;114,247827215047;;
C1081;22,7015017469836;114,23360978944;;
C1082;22,7341150976639;114,27691285806;;
C1083;22,6986467499831;114,241761552618;;
C1084;22,6574622868825;114,347695727712;;
C1085;22,7355461020635;114,270599603768;;
C1086;22,6574622868825;114,347695727712;;
C1087;22,7189527449597;114,260919983715;;
C1088;22,5531613949393;114,124639132808;;
C1089;22,7357179982646;114,262800961492;;
C1090;22,7319409550816;114,274927560663;;
C1091;22,6574622868825;114,347695727712;;
C1092;22,7322152047206;114,27468650038;;
C1093;22,7319855779387;114,275228590026;;
C1094;22,7314770035277;114,275706999693;;
C1095;22,7319546869558;114,275278790931;;
C1096;22,7285515470569;114,264152715753;;
C1097;22,7345632125203;114,274830154702;;
C1098;22,7341565028659;114,27459462259;;
C1099;22,7330532379617;114,276171145167;;
C1100;22,7345664754471;114,271172386717;;
C1101;22,7278972778932;114,264295469973;;
C1102;22,7421404134711;114,263472249329;;
C1103;22,7227244655835;114,2509725062;;
C1104;22,7217159364602;114,278074261084;;
C1105;22,7139264341708;114,237994957616;;
C1106;22,72115584007;114,247639983925;;
C1107;22,7263929482721;114,247014832459;;
C1108;22,7088082214251;114,235131172228;;
C1109;22,7355642696892;114,275837783992;;
C1110;22,7372047941142;114,254165355096;;
C1111;22,736526255894;114,275144507732;;
C1112;22,7333532712825;114,271844034835;;
C1113;22,7300765745135;114,303210152237;;
C1114;22,7356327917939;114,278145921609;;
C1115;22,7244256432189;114,291996862822;;
C1116;22,7232522695642;114,299540443526;;
C1117;22,7282323825654;114,262480283792;;
C1118;22,7253881313629;114,295343866507;;
C1119;22,7307068029464;114,265657625414;;
C1120;22,7225550033342;114,301003999693;;
C1121;22,7290435695849;114,263843487556;;
C1122;22,7253580033244;114,261811000374;;
C1123;22,72781400338;114,260775999715;;
C1124;22,5950921617419;114,12096452429;;
C1125;22,733503232144;114,283929809854;;
C1126;22,7322166367967;114,256764703597;;
C1127;22,6574622868825;114,347695727712;;
C1128;22,5950921617419;114,12096452429;;
C1129;22,7317745066657;114,249285634117;;
C1130;22,7237549602354;114,261550129759;;
C1131;22,7333744549619;114,277515599498;;
C1132;22,7353382646609;114,259477676067;;
C1133;22,7313280759702;114,240339154115;;
C1134;22,6982814483898;114,243694108702;;
C1135;22,7353382646609;114,259477676067;;
C1136;22,7230030033258;114,269185999676;;
C1137;22,6995864718234;114,242126197282;;
C1138;22,7041596440693;114,234582294985;;
C1139;22,6574622868825;114,347695727712;;
C1140;22,6985997872298;114,243094712554;;
C1141;22,7000471394517;114,240208430901;;
C1142;22,7026584987475;114,236430917893;;
C1143;22,6574622868825;114,347695727712;;
C1144;22,7009520028697;114,235173000027;;
C1145;22,7290516564001;114,27827143016;;
C1146;22,5967178696917;114,482332121438;;
C1147;22,7019076296148;114,236235737665;;
C1148;22,6574622868825;114,347695727712;;
C1149;22,7465512512216;114,269745071788;;
C1150;22,7403198669194;114,286290742862;;
C1151;22,7181174812876;114,248002620876;;
C1152;22,7296140382072;114,244557231178;;
C1153;22,7412049836642;114,287824682883;;
C1154;22,7110281092753;114,236981938493;;
C1155;22,728532546637;114,243728482362;;
C1156;22,7320410034907;114,297093000284;;
C1157;22,7325823377375;114,232472193309;;
C1158;22,7341208821782;114,281472705785;;
C1159;22,7379207621636;114,281125210222;;
C1160;22,7380130158542;114,28151550061;;
C1161;22,7152465151977;114,245991476535;;
C1162;22,7307581014158;114,242457593863;;
C1163;22,647975167273;114,237841032967;;
C1164;22,7083856079933;114,238315935649;;
C1165;22,7380130158542;114,28151550061;;
C1166;22,6389249197101;114,513000409739;;
C1167;22,7320261837959;114,232369524176;;
C1168;22,7284182040535;114,236267104697;;
C1169;22,7232730004983;114,275434367564;;
C1170;22,7096498933809;114,261129378729;;
C1171;22,710196601517;114,252785665253;;
C1172;22,7410132714443;114,267878111057;;
C1173;22,7267331614367;114,273539110023;;
C1174;22,7004483424507;114,240976882756;;
C1175;22,733916991973;114,235175201774;;
C1176;22,7335449815284;114,241716278021;;
C1177;22,6989139813227;114,239718087245;;
C1178;22,732487847398;114,237442255389;;
C1179;22,7002379606301;114,239063042867;;
C1180;22,7343423245105;114,235944885131;;
C1181;22,7338940592092;114,239668141459;;
C1182;22,5739307465163;113,896068335735;;
C1183;22,702857809379;114,235198368175;;
C1184;22,70375667787;114,236107201825;;
C1185;22,7013578816476;114,23806727121;;
C1186;22,703550021376;114,2364764;;
C1187;22,5717078092983;113,90542860279;;
C1188;22,5751414868195;113,896009359284;;
C1189;22,5749852513018;113,896710452598;;
C1190;22,573290318197;113,898211772631;;
C1191;22,5720870100221;113,905043410286;;
C1192;22,5717078092983;113,90542860279;;
C1193;22,5709006119846;113,900232085976;;
C1194;22,584666982242;113,911769609332;;
C1195;22,584666982242;113,911769609332;;
C1196;22,58079662822;113,867337118263;;
C1197;22,5657490340224;113,894838187187;;
C1198;22,5828616440381;113,910608541376;;
C1199;22,584666982242;113,911769609332;;
C1200;22,5707641171455;113,877254149683;;
C1201;22,586394259103;113,866136009237;;
C1202;22,5803200775803;113,898358161395;;
C1203;22,5718577075966;113,877779163209;;
C1204;22,5921920760194;113,866349035202;;
C1205;22,5963842044994;113,904493647314;;
C1206;22,5674642257866;113,898676947563;;
C1207;22,5878796368076;113,86618478004;;
C1208;22,5850377284748;113,870919841805;;
C1209;22,5878796368076;113,86618478004;;
C1210;22,5823779381722;113,913473093918;;
C1211;22,5856929681019;113,868949009544;;
C1212;22,5677727395151;113,908263464538;;
C1213;22,5630554549513;113,902641980048;;
C1214;22,5817524212222;114,111352634675;;
C1215;22,5817524212222;114,111352634675;;
C1216;22,5630554549513;113,902641980048;;
C1217;22,5638119810359;113,894385545414;;
C1218;22,585059957126;113,880403788461;;
C1219;22,5674870001277;113,912185999987;;
C1220;22,5637128540259;113,890641282287;;
C1221;22,585059957126;113,880403788461;;
C1222;22,584856111209;113,880451763365;;
C1223;22,5844226013204;113,870504461744;;
C1224;22,5849133543761;113,879805543941;;
C1225;22,5866574386363;113,900789622884;;
C1226;22,5600123793404;113,896685515638;;
C1227;22,5599452211186;113,909228722554;;
C1228;22,588151924677;113,902462398896;;
C1229;22,5800561585716;113,917998430991;;
C1230;22,6692905859051;113,817826177368;;
C1231;22,5833392773931;113,87366207478;;
C1232;22,5813033293913;113,916483982223;;
C1233;22,5796622766674;113,876566766307;;
C1234;22,5834227017611;113,87366207478;;
C1235;22,5853635066237;113,875848941154;;
C1236;22,574551997495;113,902332633275;;
C1237;22,5840741091709;113,875928040547;;
C1238;22,5667442397834;113,904922112991;;
C1239;22,5642777706777;113,901720818053;;
C1240;22,5633972707861;113,900947995942;;
C1241;22,5846698359124;113,876547272179;;
C1242;22,5839964174313;113,876177532326;;
C1243;22,5383581349828;113,925691805037;;
C1244;22,5689957241228;113,920737975337;;
C1245;22,5864650177341;113,908389275818;;
C1246;22,5825696714221;113,907572389126;;
C1247;22,5821022775577;113,908461923581;;
C1248;22,580785740549;113,90698127805;;
C1249;22,5817094523969;113,908015211522;;
C1250;22,5807470004486;113,880358999847;;
C1251;22,5828043309329;113,90464666737;;
C1252;22,5723127738911;113,886078346637;;
C1253;22,5829854568112;113,892881095685;;
C1254;22,5871027422157;113,909683823888;;
C1255;22,7074327930824;113,930013135693;;
C1256;22,5826445091784;113,910437822906;;
C1257;22,5813000153077;113,891242742741;;
C1258;22,5940737174318;113,894892198704;;
C1259;22,5777154957988;113,876172904256;;
C1260;22,5799053406509;113,882096823058;;
C1261;22,5707350001756;113,888782000085;;
C1262;22,5844492969114;113,901664883264;;
C1263;22,5844730842636;113,893302536614;;
C1264;22,5905127748192;113,896099419801;;
C1265;22,5815610562298;113,891168367536;;
C1266;22,5762207418879;113,876787510513;;
C1267;22,5905127748192;113,896099419801;;
C1268;22,5815610562298;113,891168367536;;
C1269;22,5855161591465;113,893310141668;;
C1270;22,5897597395799;113,91955553701;;
C1271;22,8356070564683;113,981192954291;;
C1272;22,5865722378509;113,894895888045;;
C1273;22,5871423156464;113,922690036329;;
C1274;22,5931061966206;113,90219127592;;
C1275;22,5866230360845;113,894922954889;;
C1276;22,5870429154682;113,907048428184;;
C1277;22,5787072563006;113,871334357696;;
C1278;22,7074327930824;113,930013135693;;
C1279;22,5875050732545;113,90718317401;;
C1280;22,5870248623353;113,879853599692;;
C1281;22,5765008034999;113,873756729232;;
C1282;22,5753926077913;113,891263398378;;
C1283;22,5745941468785;113,871855445858;;
C1284;22,5760951696254;113,890683546663;;
C1285;22,5775760965697;113,882384701229;;
C1286;22,5772203519302;113,874635479529;;
C1287;22,5775760965697;113,882384701229;;
C1288;22,5813875731613;113,864845337355;;
C1289;22,5865402989089;113,893917467159;;
C1290;22,5650573975501;113,914893340081;;
C1291;22,5573788844305;113,902295568291;;
C1292;22,5868013484728;113,893614193829;;
C1293;22,8356070564683;113,981192954291;;
C1294;22,5869636644267;113,868211087778;;
C1295;22,5813840110555;113,887356252699;;
C1296;22,5879955872932;113,881921928366;;
C1297;22,7074327930824;113,930013135693;;
C1298;22,5771383775828;113,881512050426;;
C1299;22,5742276731169;113,879634479622;;
C1300;22,5741497812717;113,879398848398;;
C1301;22,5725422182787;113,875601239698;;
C1302;22,5698870335066;113,900252930257;;
C1303;22,5549419736083;113,892564808603;;
C1304;22,5819668248273;113,892620105596;;
C1305;22,5819847014356;113,88026413609;;
C1306;22,5905616152175;113,871163817988;;
C1307;22,563706663795;113,904012335222;;
C1308;22,5633130936555;113,904247511604;;
C1309;22,5899027889047;113,889893860662;;
C1310;22,5663424852007;113,899718091733;;
C1311;22,5662339152042;113,900449683418;;
C1312;22,5869958653817;113,870993589094;;
C1313;22,5869958653817;113,870993589094;;
C1314;22,5896745008559;113,903776674653;;
C1315;22,5910133353502;113,903145350032;;
C1316;22,5732556448739;113,908770550812;;
C1317;22,5694726803119;113,895733402526;;
C1318;22,5954288199335;113,900299838873;;
C1319;22,5918883075883;113,899556648267;;
C1320;22,5714904549216;113,905247852942;;
C1321;22,5732173727634;113,906008804844;;
C1322;22,5664885374929;113,88112508287;;
C1323;22,5714904549216;113,905247852942;;
C1324;22,5773356441501;113,902094495179;;
C1325;22,7074327930824;113,930013135693;;
C1326;22,5811248456221;113,895733854374;;
C1327;22,5883928391741;113,867696466518;;
C1328;22,5829663983742;113,894272885327;;
C1329;22,5746732808075;113,886380582424;;
C1330;22,5909701887184;113,885821128532;;
C1331;22,5824698530339;113,875098608121;;
C1332;22,5347001431838;113,934484982603;;
C1333;22,5643754056913;113,907427324465;;
C1334;22,5638543783766;113,908108967668;;
C1335;22,5846474169918;113,880331774902;;
C1336;23,131464487123;113,39953610877;;
C1337;23,1268912156425;113,426147051257;;
C1338;23,131464487123;113,39953610877;;
C1339;23,1268912156425;113,426147051257;;
C1340;23,1271927437948;113,321249485178;;
C1341;23,131464487123;113,39953610877;;
C1342;23,1268912156425;113,426147051257;;
C1343;23,1319729234172;113,390374625945;;
C1344;23,126655851879;113,41588182135;;
C1345;23,1271379358864;113,410755048976;;
C1346;23,1661292654245;113,385642891326;;
C1347;23,1661292654245;113,385642891326;;
C1348;23,1661292654245;113,385642891326;;
C1349;23,1307441665979;113,397881263835;;
C1350;23,1301556546603;113,405132204452;;
C1351;23,1734821148917;113,360828703765;;
C1352;23,1282152925235;113,409852498074;;
C1353;23,1263080647562;113,319794767439;;
C1354;23,1253451102764;113,42252830746;;
C1355;23,164394657853;113,30471808746;;
C1356;23,1425824680555;113,366737790645;;
C1357;23,176668218467;113,362068408487;;
C1358;23,1796889634848;113,356675057665;;
C1359;23,1738758307358;113,359422435236;;
C1360;23,1776866536668;113,355294302808;;
C1361;23,1805106636968;113,357881387642;;
C1362;23,1629453859971;113,335107857324;;
C1363;23,1202797372584;113,362572695641;;
C1364;23,1576497823842;113,360044759733;;
C1365;23,1261630321334;113,377943788065;;
C1366;23,1584299978522;113,358219589785;;
C1367;23,1577054519705;113,359665702656;;
C1368;23,1202797372584;113,362572695641;;
C1369;23,1810559646581;113,348701234435;;
C1370;23,1185026073336;113,364867653619;;
C1371;23,1156180751614;113,369854274764;;
C1372;23,1218830946437;113,363121747155;;
C1373;23,1768622120836;113,346670356119;;
C1374;23,1232621016761;113,370525896471;;
C1375;23,1661292654245;113,385642891326;;
C1376;23,1599832035451;113,3275620343;;
C1377;23,1170478077916;113,423696842132;;
C1378;23,1582535912919;113,323166914696;;
C1379;23,1196708574822;113,423493808019;;
C1380;23,1345035590286;113,384402419629;;
C1381;23,2065106988794;113,377483178321;;
C1382;23,1771902440089;113,349507837325;;
C1383;23,1661131376852;113,338153484751;;
C1384;23,1737121336557;113,32923072392;;
C1385;23,1661131376852;113,338153484751;;
C1386;23,1682768890906;113,333506485671;;
C1387;23,2019251136872;113,371496783269;;
C1388;23,1676491173753;113,337363575072;;
C1389;23,1771902440089;113,349507837325;;
C1390;23,1251488887101;113,412111364533;;
C1391;23,1264806775899;113,334608901464;;
C1392;23,1276863061694;113,337074115884;;
C1393;23,1223935800366;113,336424812577;;
C1394;23,1636373105816;113,418190565324;;
C1395;23,1354835285561;113,350861673559;;
C1396;23,1803505801216;113,350118658123;;
C1397;23,1454248735375;113,350800614835;;
C1398;23,1313751298202;113,418255517304;;
C1399;23,1575898763687;113,360335203464;;
C1400;23,178699570982;113,350480429107;;
C1401;23,1484615570038;113,352191058815;;
C1402;23,1269364984881;113,415801546075;;
C1403;23,1855990619813;113,427284456947;;
C1404;23,1232530109732;113,409326000317;;
C1405;23,2122919906139;113,335179864446;;
C1406;23,1267766738642;113,41561155446;;
C1407;23,1365407462047;113,332750487026;;
C1408;23,1904090878561;113,366892506702;;
C1409;23,1398319831598;113,345942552588;;
C1410;23,1368057684525;113,331549452559;;
C1411;23,1355100606266;113,341036925962;;
C1412;23,1372751362981;113,337291884004;;
C1413;23,1381771180587;113,337418196539;;
C1414;23,1370895530778;113,32877598101;;
C1415;23,1410157273548;113,340036577438;;
C1416;23,1488007977679;113,336735305589;;
C1417;23,1460777626836;113,35146737671;;
C1418;23,1367897947155;113,327724849479;;
C1419;23,1474814241519;113,328281045216;;
C1420;23,1464671814429;113,34545276678;;
C1421;23,1407516705105;113,327662933772;;
C1422;23,1338055180764;113,351077937916;;
C1423;23,1415417491278;113,335261700078;;
C1424;23,1356128875847;113,328376368007;;
C1425;23,134320542018;113,328220359289;;
C1426;23,1413107907762;113,327177848796;;
C1427;23,1347345551622;113,384402400764;;
C1428;23,1348755023761;113,351077865153;;
C1429;23,1121008199208;113,420512747947;;
C1430;23,1332381032347;113,386050366476;;
C1431;23,1241419471983;113,418438137424;;
C1432;23,1285100632641;113,385553960615;;
C1433;23,1375110083621;113,388728614048;;
C1434;23,1752833428778;113,359174294508;;
C1435;23,1334590018755;113,392759915318;;
C1436;23,135412218943;113,386844473936;;
C1437;23,1329009014782;113,386755028758;;
C1438;23,1374623672538;113,393966324458;;
C1439;23,1325446921292;113,392330453531;;
C1440;23,1319548945849;113,396002513556;;
C1441;23,1333220426453;113,392963725678;;
C1442;23,1364002890323;113,390942612841;;
C1443;23,1661292654245;113,385642891326;;
C1444;23,1363409596337;113,390234515438;;
C1445;23,1391680033919;113,389945339217;;
C1446;23,1385693074163;113,387921109259;;
C1447;23,1382784773248;113,344259487385;;
C1448;23,1265989947196;113,318430688726;;
C1449;23,1351345825701;113,345875179675;;
C1450;23,1366080407098;113,344509424724;;
C1451;23,1140157061116;113,417233751379;;
C1452;23,1381700483996;113,349529226878;;
C1453;23,1412688991252;113,375514674746;;
C1454;23,1414142133112;113,376371587236;;
C1455;23,1661292654245;113,385642891326;;
C1456;23,1348004564564;113,349648898239;;
C1457;23,1822006507495;113,350713128862;;
C1458;23,1661292654245;113,385642891326;;
C1459;23,1689908676328;113,32723023438;;
C1460;23,1305367180225;113,426688539937;;
C1461;23,1720153295572;113,326280156829;;
C1462;23,1305367180225;113,426688539937;;
C1463;23,1299473091123;113,386578300624;;
C1464;23,197291334874;113,373560322178;;
C1465;23,1256965380329;113,426134618709;;
C1466;23,1299181460154;113,422563341375;;
C1467;23,1661292654245;113,385642891326;;
C1468;23,1468819256748;113,337064329744;;
C1469;23,1887339582376;113,342646400181;;
C1470;23,2034229910177;113,372932141626;;
C1471;23,1332138677244;113,386568509094;;
C1472;23,1326635512896;113,416328404951;;
C1473;23,1388267999575;113,385409245834;;
C1474;23,1596787986147;113,40611385295;;
C1475;23,1199958137104;113,404468168036;;
C1476;23,1277415395897;113,349900366291;;
C1477;23,1284929476215;113,350618568732;;
C1478;23,1661292654245;113,385642891326;;
C1479;23,1514316705407;113,343485254934;;
C1480;23,1414201466981;113,343629885714;;
C1481;23,1495916130257;113,349703879028;;
C1482;23,144682745909;113,347055444419;;
C1483;23,2060027090806;113,371607680881;;
C1484;23,1496370349082;113,346764850672;;
C1485;23,149097460969;113,347614382684;;
C1486;23,1470975054453;113,344172351751;;
C1487;23,2075655569554;113,374961774892;;
C1488;23,2031730746979;113,373802420004;;
C1489;23,1525589129313;113,332238486122;;
C1490;23,1784317242067;113,404449454535;;
C1491;23,1526315749439;113,331979797491;;
C1492;23,2043270994653;113,37333930848;;
C1493;23,1264741580139;113,413418193337;;
C1494;23,1561750115375;113,329268999819;;
C1495;23,1513392763658;113,327714928593;;
C1496;23,1326636863842;113,415703161859;;
C1497;23,151805011504;113,335155000248;;
C1498;23,1475140201867;113,329949858802;;
C1499;23,1300465134455;113,380382687524;;
C1500;23,1331725680616;113,415682507008;;
C1501;23,1254338277057;113,364324570148;;
C1502;23,2020082371942;113,392327455886;;
C1503;23,1270333811143;113,364303843545;;
C1504;23,2016885307926;113,399645052568;;
C1505;23,1661292654245;113,385642891326;;
C1506;23,104212228431;113,379969338531;;
C1507;23,1321780111198;113,378303999591;;
C1508;23,1312789882989;113,377738348065;;
C1509;23,1565754964545;113,374250375018;;
C1510;23,1367986312581;113,435258913482;;
C1511;23,1316787294639;113,410325855671;;
C1512;23,1296466138445;113,32277380812;;
C1513;23,1880548659487;113,342654125609;;
C1514;23,1259940640494;113,409288362214;;
C1515;23,130183564442;113,365020539528;;
C1516;23,1324488389353;113,347618732714;;
C1517;23,1300382048777;113,356374664303;;
C1518;23,1456752540094;113,353414029004;;
C1519;23,1456752540094;113,353414029004;;
C1520;23,1326635512896;113,416328404951;;
C1521;23,1661292654245;113,385642891326;;
C1522;23,1294150697017;113,421893966779;;
C1523;23,130925706777;113,416982132413;;
C1524;23,1278829448177;113,422469198958;;
C1525;23,1315795011771;113,420636935091;;
C1526;23,1304454807854;113,356960443936;;
C1527;23,1661292654245;113,385642891326;;
C1528;23,1661292654245;113,385642891326;;
C1529;23,1239667226436;113,325244683661;;
C1530;23,1450760376292;113,336102017272;;
C1531;23,124503625195;113,327115274631;;
C1532;23,1320806324992;113,32753862356;;
C1533;23,1319786879005;113,326413168028;;
C1534;23,1414364384834;113,364532019432;;
C1535;23,1235787172107;113,325066019958;;
C1536;23,1216739378467;113,32425892811;;
C1537;23,1130407768131;113,424580755889;;
C1538;23,1477342186237;113,36825317365;;
C1539;23,205588637303;113,392625192061;;
C1540;23,1205742181513;113,342664119258;;
C1541;23,1259141158812;113,323483783879;;
C1542;23,1661292654245;113,385642891326;;
C1543;23,1661292654245;113,385642891326;;
C1544;23,1267680227702;113,324520827285;;
C1545;23,140135223145;113,379797890637;;
C1546;23,1661292654245;113,385642891326;;
C1547;23,1219570339587;113,346214570276;;
C1548;23,1420609885567;113,379266992081;;
C1549;23,1353511711254;113,321899771232;;
C1550;23,1303996270945;113,345589518523;;
C1551;23,1789225724106;113,340078254322;;
C1552;23,1203471798998;113,343289709545;;
C1553;23,1655482057407;113,28465001334;;
C1554;23,1996455789925;113,376050949661;;
C1555;23,1253018210981;113,403138562695;;
C1556;23,1791280119225;113,419112000404;;
C1557;23,184293382719;113,327348016627;;
C1558;23,1793718942535;113,327981939126;;
C1559;23,1968891049947;113,333904360453;;
C1560;23,1661292654245;113,385642891326;;
C1561;23,1283287511867;113,366676074362;;
C1562;23,1372496374458;113,374985892598;;
C1563;23,1553241668861;113,331017565867;;
C1564;23,1661292654245;113,385642891326;;
C1565;23,1553241668861;113,331017565867;;
C1566;23,1246686093448;113,409694183235;;
C1567;23,1238347316925;113,408645571622;;
C1568;23,1335560059206;113,440412851514;;
C1569;23,1276768888218;113,407919344617;;
C1570;23,1661292654245;113,385642891326;;
C1571;23,1278859590489;113,405073195661;;
C1572;23,1212871984071;113,407067174282;;
C1573;23,1463736411032;113,441792258912;;
C1574;23,1284723693835;113,409413526714;;
C1575;23,1687891455769;113,419959772635;;
C1576;23,1344561993677;113,365209181888;;
C1577;23,134385258672;113,386983912511;;
C1578;23,1235997392344;113,429360998828;;
C1579;23,1661292654245;113,385642891326;;
C1580;23,1238200770769;113,39972067389;;
C1581;23,1291948083453;113,387663252459;;
C1582;23,1228228709868;113,397523128293;;
C1583;23,1225018703051;113,402742230304;;
C1584;23,1300237147343;113,401492956832;;
C1585;23,1271337655586;113,376333019388;;
C1586;23,1299235881322;113,404600390223;;
C1587;23,1300237147343;113,401492956832;;
C1588;23,1262867298289;113,406653699527;;
C1589;23,1285744763702;113,399042738723;;
C1590;23,1255985852479;113,402205735305;;
C1591;23,1389779227061;113,34935701183;;
C1592;23,1235877950875;113,40259073108;;
C1593;23,170175779656;113,387848049174;;
C1594;23,1975123467916;113,342000788012;;
C1595;23,1654980452292;113,387769721425;;
C1596;23,167348376753;113,385050855173;;
C1597;23,1289567572535;113,427640923438;;
C1598;23,0876292287885;113,333841266126;;
C1599;23,0752659642763;113,306196127007;;
C1600;23,0743192245803;113,307945127834;;
C1601;23,0884466631565;113,31519081516;;
C1602;23,0749582338856;113,308120191408;;
C1603;23,1095098573546;113,3793361643;;
C1604;23,056712516586;113,345719799771;;
C1605;23,0747133308585;113,309884060988;;
C1606;23,109051889395;113,300455654766;;
C1607;23,1045227432088;113,27487783009;;
C1608;23,1038498970456;113,296933796812;;
C1609;23,0998270107137;113,329569673453;;
C1610;23,1040287629318;113,296128952804;;
C1611;23,1020696848365;113,294671361385;;
C1612;23,1038498970456;113,296933796812;;
C1613;23,1018158049199;113,332666146918;;
C1614;23,0965147142905;113,318157963174;;
C1615;23,096839525091;113,304128525062;;
C1616;23,0811907878814;113,32551996669;;
C1617;23,101968525109;113,326689048429;;
C1618;23,1017172305124;113,330259709525;;
C1619;23,0796051598373;113,304378308791;;
C1620;23,1013024863218;113,314694186959;;
C1621;23,101612010579;113,290320999853;;
C1622;23,100931760317;113,275282739502;;
C1623;23,1033937645725;113,343910945746;;
C1624;23,1002266880829;113,406400397136;;
C1625;23,1040969185773;113,389157748963;;
C1626;23,1080706538675;113,31360751936;;
C1627;23,0822292235923;113,29241879115;;
C1628;23,0876292287885;113,333841266126;;
C1629;23,0969835375486;113,292723645498;;
C1630;23,0903286278794;113,326829717682;;
C1631;23,1039390635522;113,314314358237;;
C1632;23,0944778222726;113,291173244748;;
C1633;23,0746544311332;113,310414869714;;
C1634;23,0769540563272;113,299826627112;;
C1635;23,1085187878514;113,259835388127;;
C1636;23,0758961031668;113,360970049442;;
C1637;23,092214252345;113,290675638292;;
C1638;23,1119085014461;113,268664024507;;
C1639;23,1079580096238;113,314290757954;;
C1640;23,1079229279154;113,314049244027;;
C1641;23,0908338592948;113,34810276983;;
C1642;23,073722099587;113,28454055661;;
C1643;23,0876292287885;113,333841266126;;
C1644;23,0923859568362;113,349291118426;;
C1645;23,0723996247393;113,28790015903;;
C1646;23,1084113997647;113,337318550203;;
C1647;23,0791417914405;113,288629762765;;
C1648;23,0867736737795;113,29722618717;;
C1649;23,0768488082214;113,307581403933;;
C1650;23,0825840595936;113,304091666689;;
C1651;23,0867297071207;113,300822104126;;
C1652;23,0873364773933;113,32904825202;;
C1653;23,0754624744248;113,298122873933;;
C1654;23,0873364773933;113,32904825202;;
C1655;23,1099587404306;113,278303151643;;
C1656;23,0760770101159;113,297356000401;;
C1657;23,0917106959353;113,413558057708;;
C1658;23,0859383362332;113,281806975215;;
C1659;23,0672571151264;113,327370086175;;
C1660;23,0761327162617;113,306565244334;;
C1661;23,0706597920075;113,309750721908;;
C1662;23,0703922091833;113,305260350479;;
C1663;23,0769868669283;113,306294379172;;
C1664;23,0773194324757;113,301059586458;;
C1665;23,099875851027;113,312843081134;;
C1666;23,0993119280058;113,31364647348;;
C1667;23,0876292287885;113,333841266126;;
C1668;23,0876292287885;113,333841266126;;
C1669;23,0938918320218;113,315989733046;;
C1670;23,0971224693965;113,314210537476;;
C1671;23,0928519866635;113,308844601141;;
C1672;23,0960410671791;113,318256038372;;
C1673;23,0968987359417;113,271988892147;;
C1674;23,100931760317;113,275282739502;;
C1675;23,0963204206452;113,274793005796;;
C1676;23,0926509459352;113,31937687392;;
C1677;23,0955531666461;113,318131014008;;
C1678;23,0950350205564;113,30693760634;;
C1679;23,1090109593126;113,306490501722;;
C1680;23,0925534903353;113,306300148314;;
C1681;23,0857232230438;113,333289845823;;
C1682;23,0880518185024;113,293251113425;;
C1683;23,0844304549995;113,300558361628;;
C1684;23,0923603762214;113,310922999819;;
C1685;23,0771479613655;113,290011565944;;
C1686;23,071601095046;113,294896456085;;
C1687;23,0964739920163;113,265152548269;;
C1688;23,1065110975386;113,320810304064;;
C1689;23,095061869792;113,303046046262;;
C1690;23,095061869792;113,303046046262;;
C1691;23,1145128408375;113,283033624863;;
C1692;23,0874529855664;113,287107171756;;
C1693;23,0889586876904;113,28949710548;;
C1694;23,085591589939;113,284488469263;;
C1695;23,0814650102298;113,28149800034;;
C1696;23,1060541901527;113,299446359119;;
C1697;23,0749951581788;113,295539022101;;
C1698;23,0986135150888;113,282923277015;;
C1699;23,0876292287885;113,333841266126;;
C1700;23,1229608993585;113,262403639088;;
C1701;23,1026056286312;113,280096848559;;
C1702;23,0876292287885;113,333841266126;;
C1703;23,1016671412499;113,262202073704;;
C1704;23,093139460248;113,302046943688;;
C1705;23,0876292287885;113,333841266126;;
C1706;23,0917106959353;113,413558057708;;
C1707;23,1058037678696;113,293986568723;;
C1708;23,1094085624437;113,281639712526;;
C1709;23,0777533860557;113,354672682582;;
C1710;23,0979035407267;113,322709988903;;
C1711;23,0702606106888;113,3288602241;;
C1712;23,0712879498073;113,288387040616;;
C1713;23,071307224654;113,289557639594;;
C1714;23,0728119817093;113,322952136136;;
C1715;23,1078655498382;113,291931970649;;
C1716;23,0876292287885;113,333841266126;;
C1717;23,0876292287885;113,333841266126;;
C1718;23,0933442840079;113,295580804087;;
C1719;23,0970090104815;113,260710999745;;
C1720;23,0876292287885;113,333841266126;;
C1721;23,0876292287885;113,333841266126;;
C1722;23,0917106959353;113,413558057708;;
C1723;23,1021981756077;113,259732235705;;
C1724;23,0975436524821;113,318676079741;;
C1725;23,0876292287885;113,333841266126;;
C1726;23,0995317845466;113,317631760305;;
C1727;23,0876292287885;113,333841266126;;
C1728;23,1272171096896;113,278449171203;;
C1729;23,0959155323029;113,321848839106;;
C1730;23,0916859863878;113,319110342376;;
C1731;23,0926599811392;113,329455741365;;
C1732;23,0768488082214;113,307581403933;;
C1733;23,0926339085713;113,362629565566;;
C1734;23,0758119985258;113,298612919352;;
C1735;23,086121818782;113,332495817414;;
C1736;23,0916364920232;113,318560746296;;
C1737;23,0705277855612;113,316860031187;;
C1738;23,0989430105467;113,287792000352;;
C1739;23,092653010448;113,276923000447;;
C1740;23,0919315213989;113,334198191693;;
C1741;23,0948919801745;113,28017365368;;
C1742;23,0923892417294;113,361332186037;;
C1743;23,1156244476948;113,289182233229;;
C1744;23,0766852133663;113,309670233735;;
C1745;23,1098983689525;113,299711079871;;
C1746;23,1085720106901;113,315829999954;;
C1747;23,1084613349101;113,309472767319;;
C1748;23,0679458036712;113,318879392328;;
C1749;23,1090261160809;113,303535160064;;
C1750;23,1044465588277;113,269627727556;;
C1751;23,0876292287885;113,333841266126;;
C1752;23,0892096696579;113,279340795116;;
C1753;23,1569012374692;113,265505582335;;
C1754;23,0982180105422;113,268301000386;;
C1755;23,0992294879836;113,329399775135;;
C1756;23,2687280134463;113,307637999875;;
C1757;23,1703589517979;113,229360553372;;
C1758;23,19710927436;113,263046171866;;
C1759;23,155266853426;113,251906196308;;
C1760;23,2081123485282;113,24376886351;;
C1761;23,151813219104;113,232353256381;;
C1762;23,1985761278003;113,261921882334;;
C1763;23,1784903066069;113,26508154171;;
C1764;23,1777653976;113,272509325444;;
C1765;23,1709984312578;113,276575354418;;
C1766;23,1908225234581;113,272479087582;;
C1767;23,1790756188089;113,272510402513;;
C1768;23,1679098933164;113,246234234235;;
C1769;23,1762593285835;113,278026888563;;
C1770;23,2250496330719;113,308600574049;;
C1771;23,2212127836509;113,3060266382;;
C1772;23,2211155367804;113,309318574975;;
C1773;23,2221040126794;113,30668599995;;
C1774;23,2223900126505;113,307513999579;;
C1775;23,2221920126663;113,307904999629;;
C1776;23,2207283968426;113,308948535088;;
C1777;23,1962505505746;113,275620931764;;
C1778;23,1968265035363;113,274233797141;;
C1779;23,2286610127261;113,313335000417;;
C1780;23,2258638390501;113,311760094716;;
C1781;23,1964508902602;113,274612889253;;
C1782;23,224797208648;113,31212554793;;
C1783;23,2945140830139;113,331306286413;;
C1784;23,2316261705119;113,309620972457;;
C1785;23,2945140830139;113,331306286413;;
C1786;23,2248179432767;113,305428357864;;
C1787;23,2290352455608;113,310950049594;;
C1788;23,2312939684983;113,311525662206;;
C1789;23,1639850117101;113,259347999896;;
C1790;23,2156413516534;113,287610913639;;
C1791;23,1838535018057;113,247050793944;;
C1792;23,2945140830139;113,331306286413;;
C1793;23,2353481903667;113,275961574603;;
C1794;23,1656878546237;113,255822165144;;
C1795;23,2312939684983;113,311525662206;;
C1796;23,2127333159064;113,24134206243;;
C1797;23,1973934892853;113,266444892796;;
C1798;23,2945140830139;113,331306286413;;
C1799;23,1973934892853;113,266444892796;;
C1800;23,1974007634737;113,267062953037;;
C1801;23,1971513568644;113,26625647591;;
C1802;23,1965401662831;113,268927382529;;
C1803;23,1759836573137;113,248056779335;;
C1804;23,1431788002955;113,280658379333;;
C1805;23,1764541156577;113,263083481189;;
C1806;23,1970141688074;113,332758751436;;
C1807;23,1985649941847;113,333112382875;;
C1808;23,1788096621322;113,246089517218;;
C1809;23,1977078150763;113,279081088705;;
C1810;23,1990407507772;113,263677800114;;
C1811;23,2089387872572;113,255150241606;;
C1812;23,2113806056256;113,258947188554;;
C1813;23,2416752728702;113,281398582175;;
C1814;23,1982075008307;113,263483496632;;
C1815;23,1964820122468;113,270398000276;;
C1816;23,1911264228302;113,256100489835;;
C1817;23,2287019032533;113,292581477871;;
C1818;23,2122500894616;113,275704262176;;
C1819;23,2122183429525;113,27781056402;;
C1820;23,2284359544467;113,293572974493;;
C1821;23,2258322031866;113,273009322291;;
C1822;23,2315862158006;113,264376444648;;
C1823;23,2315862158006;113,264376444648;;
C1824;23,1982115699333;113,147193356877;;
C1825;23,197034257898;113,347349061863;;
C1826;23,2262884249517;113,272657172158;;
C1827;23,2945140830139;113,331306286413;;
C1828;23,2025039881888;113,329235866719;;
C1829;23,1649561779742;113,241246842046;;
C1830;23,2152979554543;113,281560278065;;
C1831;23,3318560434536;113,303805286893;;
C1832;23,1856959591771;113,252710660333;;
C1833;23,1968875271636;113,338422837166;;
C1834;23,2417215362402;113,288433239121;;
C1835;23,2398074017445;113,290959851376;;
C1836;23,2398074017445;113,290959851376;;
C1837;23,2420317044231;113,289767010354;;
C1838;23,205285986775;113,325773326921;;
C1839;23,2426818927647;113,28537421994;;
C1840;23,2438093280297;113,292548309737;;
C1841;23,2094608289668;113,330922316737;;
C1842;23,2267335036035;113,312314233409;;
C1843;23,2456045397394;113,288811939122;;
C1844;23,1563390115755;113,255376000153;;
C1845;23,2449982936387;113,285723025797;;
C1846;23,1744426984323;113,241647517744;;
C1847;23,1884376395657;113,235404442672;;
C1848;23,1946509781236;113,260873759228;;
C1849;23,2264976028585;113,30750509288;;
C1850;23,2007225762166;113,16511966495;;
C1851;23,2945140830139;113,331306286413;;
C1852;23,2192650899389;113,335575837515;;
C1853;23,1649336676858;113,238031537135;;
C1854;23,1861135683515;113,254275218378;;
C1855;23,1726583044407;113,259704911048;;
C1856;23,1811147411554;113,261088324889;;
C1857;23,1819308325709;113,262662363651;;
C1858;23,1807146830957;113,262433287661;;
C1859;23,1801256593074;113,262372058259;;
C1860;23,1793760996592;113,261655035812;;
C1861;23,1946531501694;113,263933114709;;
C1862;23,1792203539221;113,261440100526;;
C1863;23,2008135660666;113,261950408026;;
C1864;23,2945140830139;113,331306286413;;
C1865;23,1790181302526;113,259417765896;;
C1866;23,1681864892692;113,271577229274;;
C1867;23,1924195209481;113,239533447354;;
C1868;23,1668849050768;113,273274128382;;
C1869;23,1594591769154;113,226653510617;;
C1870;23,1587701898529;113,227692249574;;
C1871;23,167176205216;113,271506712292;;
C1872;23,2247797646768;113,310791107011;;
C1873;23,2175785364645;113,257989904848;;
C1874;23,2168787954859;113,237836425178;;
C1875;23,1820486661455;113,26078905351;;
C1876;23,201893448402;113,329665685244;;
C1877;23,1687313732993;113,271523330944;;
C1878;23,1661613449856;113,271540488579;;
C1879;23,1746540370135;113,243263333101;;
C1880;23,2098914045506;113,237728810873;;
C1881;23,2945140830139;113,331306286413;;
C1882;23,2945140830139;113,331306286413;;
C1883;23,19898133925;113,248886498321;;
C1884;23,2423481444604;113,22618585187;;
C1885;23,2263240755537;113,236442011058;;
C1886;23,1745944378663;113,246054970185;;
C1887;23,1904882653654;113,263653276973;;
C1888;23,1798349331729;113,257648819991;;
C1889;23,185874564388;113,257194420234;;
C1890;23,1808633599535;113,256543643705;;
C1891;23,213240382233;113,333375595372;;
C1892;23,2117419429728;113,331599620969;;
C1893;23,1423658850013;113,225485173573;;
C1894;23,1884652782861;113,259417510777;;
C1895;23,2945140830139;113,331306286413;;
C1896;23,2115783317806;113,331883291632;;
C1897;23,2165002157054;113,236848872118;;
C1898;23,18456674983;113,252246682842;;
C1899;23,2235812021111;113,254971046724;;
C1900;23,1667364341246;113,25791756066;;
C1901;23,2235812021111;113,254971046724;;
C1902;23,2000044083361;113,331498134162;;
C1903;23,217777297866;113,288110124468;;
C1904;23,1989060931584;113,273255819119;;
C1905;23,2007551187817;113,277509977522;;
C1906;23,2000360100487;113,274215552556;;
C1907;23,2370947579221;113,283780707827;;
C1908;23,2353628253859;113,285623855563;;
C1909;23,2002270059646;113,271950026061;;
C1910;23,2215506569467;113,235935457109;;
C1911;23,2368161866089;113,288260411878;;
C1912;23,2279312923222;113,311556347873;;
C1913;23,1930725979645;113,260963253813;;
C1914;23,2371504632146;113,291260899603;;
C1915;23,2272875056281;113,311617400757;;
C1916;23,1845483760178;113,252311656381;;
C1917;23,1894272646815;113,329030767402;;
C1918;23,1930725979645;113,260963253813;;
C1919;23,2109191813638;113,264493641178;;
C1920;23,2109191813638;113,264493641178;;
C1921;23,2112029944261;113,264236276649;;
C1922;23,1897092602965;113,326202259369;;
C1923;23,2142451033367;113,265198721172;;
C1924;23,1926604321186;113,271968791663;;
C1925;23,2945140830139;113,331306286413;;
C1926;23,2945140830139;113,331306286413;;
C1927;23,1760822660444;113,262787155354;;
C1928;23,1744442144039;113,264917192226;;
C1929;23,1517604085415;113,233343048917;;
C1930;23,4244009978398;113,318362686999;;
C1931;23,1634266987531;113,268286835006;;
C1932;23,168112518099;113,27620212914;;
C1933;23,1871381187147;113,336778242795;;
C1934;23,1900943614035;113,343142186221;;
C1935;23,1772598450108;113,264217412234;;
C1936;23,2127310739942;113,247763240043;;
C1937;23,1763370119023;113,277165000358;;
C1938;23,1864900419956;113,33614581236;;
C1939;23,2090923276853;113,24838392154;;
C1940;23,187001943277;113,334253151821;;
C1941;23,1844788813361;113,33859621013;;
C1942;23,2228268489452;113,2959983832;;
C1943;23,2223355739733;113,297641829847;;
C1944;23,2132053621177;113,287870964101;;
C1945;23,2232477065446;113,295897830474;;
C1946;23,2232477065446;113,295897830474;;
C1947;23,2148518228491;113,281524705167;;
C1948;23,2137802016902;113,284341701414;;
C1949;23,211483901333;113,285163291633;;
C1950;23,2382087063009;113,298802952289;;
C1951;23,2169840125509;113,288297999676;;
C1952;23,2109830975029;113,275621017787;;
C1953;23,2187590548937;113,288688718555;;
C1954;23,2120071809895;113,279339640794;;
C1955;23,2381286789562;113,302483461569;;
C1956;23,2143662713497;113,270335579721;;
C1957;23,1599622888744;113,270095025184;;
C1958;23,192626816345;113,266279023378;;
C1959;23,1671206058952;113,269935852634;;
C1960;23,2399815271954;113,310475654455;;
C1961;23,2035715488401;113,230374111479;;
C1962;23,203872754216;113,265742344009;;
C1963;23,212335631565;113,257240204171;;
C1964;23,2053082263885;113,264521937802;;
C1965;23,2050376271378;113,265111117521;;
C1966;23,2106330427089;113,2650988296;;
C1967;23,2003490771228;113,269026939933;;
C1968;23,2106420493602;113,285184890491;;
C1969;23,2327000194046;113,279770045015;;
C1970;23,2109879342623;113,279290978686;;
C1971;23,2302970128128;113,279491999697;;
C1972;23,2176471637583;113,289519803864;;
C1973;23,2091387345445;113,263675734011;;
C1974;23,2281883197989;113,292642493477;;
C1975;23,2264536782755;113,298123834539;;
C1976;23,2343782580761;113,281794336955;;
C1977;23,2302474857553;113,2814386996;;
C1978;23,2327000194046;113,279770045015;;
C1979;23,2945140830139;113,331306286413;;
C1980;23,2343782580761;113,281794336955;;
C1981;23,1962488915187;113,268837647199;;
C1982;23,2393346594191;113,284028516181;;
C1983;23,1964119348054;113,273636055672;;
C1984;23,2237594152963;113,256442511573;;
C1985;23,2263458354116;113,25458660161;;
C1986;23,198745451716;113,278467771517;;
C1987;23,2239871522692;113,230582877679;;
C1988;23,2239254836703;113,270984437469;;
C1989;23,2211440126511;113,231858999707;;
C1990;23,2225950126426;113,237465999918;;
C1991;23,2945140830139;113,331306286413;;
C1992;23,2299791506629;113,310775560936;;
C1993;23,2945140830139;113,331306286413;;
C1994;23,2228405728815;113,274926150842;;
C1995;23,2945140830139;113,331306286413;;
C1996;23,2229469065635;113,271438890226;;
C1997;23,2217118687944;113,272405017802;;
C1998;23,2214068230647;113,27447866624;;
C1999;23,179554726431;113,243975479167;;
C2000;23,2258988283477;113,272986221466;;
C2001;23,1436678041327;113,226765690349;;
C2002;23,181714814349;113,256342955966;;
C2003;23,2265306036821;113,274932553065;;
C2004;23,1767119173586;113,265199643732;;
C2005;23,2233254329897;113,274436686627;;
C2006;23,188483959832;113,257663901642;;
C2007;23,1905233515754;113,331514776837;;
C2008;23,2061770297533;113,278833005469;;
C2009;23,2945140830139;113,331306286413;;
C2010;23,1025222880729;113,322133512122;;
C2011;23,1845021232228;113,326631265826;;
C2012;23,2945140830139;113,331306286413;;
C2013;23,1551185163143;113,255349607039;;
C2014;23,2357839191354;113,311010828047;;
C2015;23,1652442083223;113,273474891579;;
C2016;23,2351956293843;113,311503074314;;
C2017;23,2224010456214;113,290996330664;;
C2018;23,153810209837;113,255043916369;;
C2019;23,1891221908341;113,26329404939;;
C2020;23,1855913519572;113,258535360393;;
C2021;23,2945140830139;113,331306286413;;
C2022;23,1726853608924;113,282908079482;;
C2023;23,184811502312;113,260588527466;;
C2024;23,2358242491511;113,311552881761;;
C2025;23,1997734497548;113,334144515244;;
C2026;23,1604548396609;113,24123454065;;
C2027;23,195124952377;113,27608999546;;
C2028;23,1600320284369;113,240176740099;;
C2029;23,1610738857416;113,239716848102;;
C2030;23,1881545369334;113,326434832462;;
C2031;23,1619600332477;113,240176061878;;
C2032;23,186158795574;113,248528506507;;
C2033;23,2024799234653;113,257983135166;;
C2034;23,1694847382257;113,285222489967;;
C2035;23,2045088509304;113,26148361794;;
C2036;23,2945140830139;113,331306286413;;
C2037;23,2169236903962;113,247983184093;;
C2038;23,1858803663068;113,254544904065;;
C2039;23,2156529919026;113,300569151175;;
C2040;23,2243851725679;113,30744009329;;
C2041;23,2257421591281;113,309817555838;;
C2042;23,2183090126268;113,249483000128;;
C2043;23,2205366443654;113,304695469026;;
C2044;23,2945140830139;113,331306286413;;
C2045;23,1896994052095;113,237696919231;;
C2046;23,2147340827812;113,292699176554;;
C2047;23,2114614710372;113,291366441517;;
C2048;23,2147340827812;113,292699176554;;
C2049;23,19606578263;113,338342685857;;
C2050;23,2122479786521;113,289584499827;;
C2051;23,2115490124584;113,293867999582;;
C2052;23,2445115016537;113,304844177215;;
C2053;23,176398720107;113,280457494036;;
C2054;23,2945140830139;113,331306286413;;
C2055;23,1980298719239;113,276984309798;;
C2056;23,2192363616679;113,286991253515;;
C2057;23,2320327592709;113,309338620663;;
C2058;23,2117115163254;113,284764435902;;
C2059;23,2058690138258;113,335505122905;;
C2060;23,1962816386433;113,334793323585;;
C2061;23,1914773104139;113,332069558873;;
C2062;23,2079114752747;113,338406876152;;
C2063;23,2059188897361;113,3355849104;;
C2064;23,1914111252324;113,266942667235;;
C2065;23,2215810126485;113,273016000294;;
C2066;23,15929622415;113,368953794456;;
